items.item_code,items.warehouse,items.qty,items.valuation_rate
000144,CASA MATRIZ - Imgraf,,
000143,CASA MATRIZ - Imgraf,,
000142,CASA MATRIZ - Imgraf,,
000141,CASA MATRIZ - Imgraf,,
000140,CASA MATRIZ - Imgraf,,
000139,CASA MATRIZ - Imgraf,,
000138,CASA MATRIZ - Imgraf,,
000137,CASA MATRIZ - Imgraf,,
000136,CASA MATRIZ - Imgraf,,
000135,CASA MATRIZ - Imgraf,,
000134,CASA MATRIZ - Imgraf,,
000133,CASA MATRIZ - Imgraf,,
000132,CASA MATRIZ - Imgraf,,
000131,CASA MATRIZ - Imgraf,,
000130,CASA MATRIZ - Imgraf,,
000129,CASA MATRIZ - Imgraf,,
000128,CASA MATRIZ - Imgraf,,
000127,CASA MATRIZ - Imgraf,,
000126,CASA MATRIZ - Imgraf,,
000125,CASA MATRIZ - Imgraf,,
000124,CASA MATRIZ - Imgraf,,
000123,CASA MATRIZ - Imgraf,,
000122,CASA MATRIZ - Imgraf,,
000121,CASA MATRIZ - Imgraf,,
000120,CASA MATRIZ - Imgraf,,
000119,CASA MATRIZ - Imgraf,,
000118,CASA MATRIZ - Imgraf,,
000117,CASA MATRIZ - Imgraf,,
000116,CASA MATRIZ - Imgraf,,
000115,CASA MATRIZ - Imgraf,,
000114,CASA MATRIZ - Imgraf,,
000113,CASA MATRIZ - Imgraf,,
000112,CASA MATRIZ - Imgraf,,
000111,CASA MATRIZ - Imgraf,,
000110,CASA MATRIZ - Imgraf,,
000109,CASA MATRIZ - Imgraf,,
000108,CASA MATRIZ - Imgraf,,
000107,CASA MATRIZ - Imgraf,,
000106,CASA MATRIZ - Imgraf,,
000105,CASA MATRIZ - Imgraf,,
000104,CASA MATRIZ - Imgraf,,
000103,CASA MATRIZ - Imgraf,,
000102,CASA MATRIZ - Imgraf,,
000101,CASA MATRIZ - Imgraf,,
000100,CASA MATRIZ - Imgraf,,
000099,CASA MATRIZ - Imgraf,,
000098,CASA MATRIZ - Imgraf,,
000097,CASA MATRIZ - Imgraf,,
000096,CASA MATRIZ - Imgraf,,
000095,CASA MATRIZ - Imgraf,,
000094,CASA MATRIZ - Imgraf,,
000093,CASA MATRIZ - Imgraf,,
000092,CASA MATRIZ - Imgraf,,
000091,CASA MATRIZ - Imgraf,,
000090,CASA MATRIZ - Imgraf,,
000089,CASA MATRIZ - Imgraf,,
000088,CASA MATRIZ - Imgraf,,
000087,CASA MATRIZ - Imgraf,,
000086,CASA MATRIZ - Imgraf,,
000085,CASA MATRIZ - Imgraf,,
000084,CASA MATRIZ - Imgraf,,
000083,CASA MATRIZ - Imgraf,,
000082,CASA MATRIZ - Imgraf,,
000081,CASA MATRIZ - Imgraf,,
000080,CASA MATRIZ - Imgraf,,
000079,CASA MATRIZ - Imgraf,,
000078,CASA MATRIZ - Imgraf,,
000077,CASA MATRIZ - Imgraf,,
000076,CASA MATRIZ - Imgraf,,
000075,CASA MATRIZ - Imgraf,,
000074,CASA MATRIZ - Imgraf,,
000073,CASA MATRIZ - Imgraf,,
000072,CASA MATRIZ - Imgraf,,
000071,CASA MATRIZ - Imgraf,,
000070,CASA MATRIZ - Imgraf,,
000069,CASA MATRIZ - Imgraf,,
000068,CASA MATRIZ - Imgraf,,
000067,CASA MATRIZ - Imgraf,,
000066,CASA MATRIZ - Imgraf,,
000065,CASA MATRIZ - Imgraf,,
000064,CASA MATRIZ - Imgraf,,
000063,CASA MATRIZ - Imgraf,,
000062,CASA MATRIZ - Imgraf,,
000061,CASA MATRIZ - Imgraf,,
000060,CASA MATRIZ - Imgraf,,
000059,CASA MATRIZ - Imgraf,,
000058,CASA MATRIZ - Imgraf,,
000057,CASA MATRIZ - Imgraf,,
000056,CASA MATRIZ - Imgraf,,
000055,CASA MATRIZ - Imgraf,,
000054,CASA MATRIZ - Imgraf,,
000053,CASA MATRIZ - Imgraf,,
000052,CASA MATRIZ - Imgraf,,
000051,CASA MATRIZ - Imgraf,,
000050,CASA MATRIZ - Imgraf,,
000049,CASA MATRIZ - Imgraf,,
000048,CASA MATRIZ - Imgraf,,
000047,CASA MATRIZ - Imgraf,,
000046,CASA MATRIZ - Imgraf,,
000045,CASA MATRIZ - Imgraf,,
000044,CASA MATRIZ - Imgraf,,
000043,CASA MATRIZ - Imgraf,,
LB137300T,CASA MATRIZ - Imgraf,,
000039,CASA MATRIZ - Imgraf,,
000038,CASA MATRIZ - Imgraf,,
000037,CASA MATRIZ - Imgraf,,
000036,CASA MATRIZ - Imgraf,,
000035,CASA MATRIZ - Imgraf,,
000034,CASA MATRIZ - Imgraf,,
000033,CASA MATRIZ - Imgraf,,
000032,CASA MATRIZ - Imgraf,,
000031,CASA MATRIZ - Imgraf,,
JN16,CASA MATRIZ - Imgraf,,
000030,CASA MATRIZ - Imgraf,,
000029,CASA MATRIZ - Imgraf,,
000028,CASA MATRIZ - Imgraf,,
000027,CASA MATRIZ - Imgraf,,
000026,CASA MATRIZ - Imgraf,,
000025,CASA MATRIZ - Imgraf,,
000024,CASA MATRIZ - Imgraf,,
000023,CASA MATRIZ - Imgraf,,
000022,CASA MATRIZ - Imgraf,,
000021,CASA MATRIZ - Imgraf,,
000020,CASA MATRIZ - Imgraf,,
000019,CASA MATRIZ - Imgraf,,
000018,CASA MATRIZ - Imgraf,,
000017,CASA MATRIZ - Imgraf,,
000016,CASA MATRIZ - Imgraf,,
000015,CASA MATRIZ - Imgraf,,
000014,CASA MATRIZ - Imgraf,,
000013,CASA MATRIZ - Imgraf,,
000012,CASA MATRIZ - Imgraf,,
000011,CASA MATRIZ - Imgraf,,
000010,CASA MATRIZ - Imgraf,,
000009,CASA MATRIZ - Imgraf,,
000008,CASA MATRIZ - Imgraf,,
000007,CASA MATRIZ - Imgraf,,
000006,CASA MATRIZ - Imgraf,,
000005,CASA MATRIZ - Imgraf,,
000004,CASA MATRIZ - Imgraf,,
000003,CASA MATRIZ - Imgraf,,
000002,CASA MATRIZ - Imgraf,,
000001,CASA MATRIZ - Imgraf,,
VC60CA,CASA MATRIZ - Imgraf,,
TSR11,CASA MATRIZ - Imgraf,,
TBS7501,CASA MATRIZ - Imgraf,,
VC60P1,CASA MATRIZ - Imgraf,,
VC60C1,CASA MATRIZ - Imgraf,,
GSA1A,CASA MATRIZ - Imgraf,,
TDUB11,CASA MATRIZ - Imgraf,,
TDW12,CASA MATRIZ - Imgraf,,
JN145,CASA MATRIZ - Imgraf,,
TSR12,CASA MATRIZ - Imgraf,,
MB751,CASA MATRIZ - Imgraf,,
LB1025001,CASA MATRIZ - Imgraf,,
A32035,CASA MATRIZ - Imgraf,,
A32034,CASA MATRIZ - Imgraf,,
A32033,CASA MATRIZ - Imgraf,,
A32032,CASA MATRIZ - Imgraf,,
A32031,CASA MATRIZ - Imgraf,,
A32030,CASA MATRIZ - Imgraf,,
A32029,CASA MATRIZ - Imgraf,,
A32028,CASA MATRIZ - Imgraf,,
A32027,CASA MATRIZ - Imgraf,,
A32026,CASA MATRIZ - Imgraf,,
CAMISAXL2026,CASA MATRIZ - Imgraf,,
CAMISAPOLY2026,CASA MATRIZ - Imgraf,,
PPL60X80,CASA MATRIZ - Imgraf,,
PL60X80P,CASA MATRIZ - Imgraf,,
PS11090,CASA MATRIZ - Imgraf,,
PS11075,CASA MATRIZ - Imgraf,,
CAMISA2026,CASA MATRIZ - Imgraf,,
LAPI2026,CASA MATRIZ - Imgraf,,
SQP05V,CASA MATRIZ - Imgraf,,
SQP04D,CASA MATRIZ - Imgraf,,
PTFLA44,CASA MATRIZ - Imgraf,,
VASO2027,CASA MATRIZ - Imgraf,,
VASO2026,CASA MATRIZ - Imgraf,,
FUND2026,CASA MATRIZ - Imgraf,,
COLLAR21,CASA MATRIZ - Imgraf,,
COLLA08,CASA MATRIZ - Imgraf,,
CUCHILA2026,CASA MATRIZ - Imgraf,,
V20261,CASA MATRIZ - Imgraf,,
VC60AH,CASA MATRIZ - Imgraf,,
VC60O,CASA MATRIZ - Imgraf,,
VC60P,CASA MATRIZ - Imgraf,,
VC60L,CASA MATRIZ - Imgraf,,
VC60VB,CASA MATRIZ - Imgraf,,
FLOOR26,CASA MATRIZ - Imgraf,,
CMRRM,CASA MATRIZ - Imgraf,,
CMRRXL,CASA MATRIZ - Imgraf,,
CMRRL,CASA MATRIZ - Imgraf,,
CMRRS,CASA MATRIZ - Imgraf,,
CMRAXL,CASA MATRIZ - Imgraf,,
CMRAL,CASA MATRIZ - Imgraf,,
CMRAS,CASA MATRIZ - Imgraf,,
CA2026,CASA MATRIZ - Imgraf,,
TSHKXXL,CASA MATRIZ - Imgraf,,
BP37,CASA MATRIZ - Imgraf,,
SFFLUSG,CASA MATRIZ - Imgraf,,
SFBLANCO,CASA MATRIZ - Imgraf,,
L227,CASA MATRIZ - Imgraf,,
L226,CASA MATRIZ - Imgraf,,
CC0831,CASA MATRIZ - Imgraf,,
FF179,CASA MATRIZ - Imgraf,,
TSRFB11,CASA MATRIZ - Imgraf,,
TSVFB11,CASA MATRIZ - Imgraf,,
TSMFB11,CASA MATRIZ - Imgraf,,
TSPB11,CASA MATRIZ - Imgraf,,
TSCFB11,CASA MATRIZ - Imgraf,,
TSRR11,CASA MATRIZ - Imgraf,,
HTW300SE,CASA MATRIZ - Imgraf,,
ONEWAY,CASA MATRIZ - Imgraf,,
PRENSA1,CASA MATRIZ - Imgraf,,
PLANCHA,CASA MATRIZ - Imgraf,,
IMPRESOR,CASA MATRIZ - Imgraf,,
LB3,CASA MATRIZ - Imgraf,,
LB2,CASA MATRIZ - Imgraf,,
LB1,CASA MATRIZ - Imgraf,,
LBT137300,CASA MATRIZ - Imgraf,,
DTT01,CASA MATRIZ - Imgraf,,
PSZ90,CASA MATRIZ - Imgraf,,
TPG11,CASA MATRIZ - Imgraf,,
TGP11,CASA MATRIZ - Imgraf,,
TGY11,CASA MATRIZ - Imgraf,,
TFPP11,CASA MATRIZ - Imgraf,,
TFC11,CASA MATRIZ - Imgraf,,
TFP11,CASA MATRIZ - Imgraf,,
TC12P,CASA MATRIZ - Imgraf,,
TC12N,CASA MATRIZ - Imgraf,,
TC12O,CASA MATRIZ - Imgraf,,
TC12B,CASA MATRIZ - Imgraf,,
TC12R,CASA MATRIZ - Imgraf,,
TC12Y,CASA MATRIZ - Imgraf,,
MPSR07,CASA MATRIZ - Imgraf,,
MPSRC06,CASA MATRIZ - Imgraf,,
MPSC05,CASA MATRIZ - Imgraf,,
MPSR04,CASA MATRIZ - Imgraf,,
MPSO03,CASA MATRIZ - Imgraf,,
MPSM02,CASA MATRIZ - Imgraf,,
MPSC01,CASA MATRIZ - Imgraf,,
PCMC60,CASA MATRIZ - Imgraf,,
TSAMXXXXL,CASA MATRIZ - Imgraf,,
TSAXXXL,CASA MATRIZ - Imgraf,,
TSAXXL,CASA MATRIZ - Imgraf,,
TSAXL,CASA MATRIZ - Imgraf,,
TSAL,CASA MATRIZ - Imgraf,,
TSAM,CASA MATRIZ - Imgraf,,
PLEDPA,CASA MATRIZ - Imgraf,,
PLED6080,CASA MATRIZ - Imgraf,,
VA10680M,CASA MATRIZ - Imgraf,,
VA13780M,CASA MATRIZ - Imgraf,,
VA15280M,CASA MATRIZ - Imgraf,,
SP11090,CASA MATRIZ - Imgraf,,
SP11075,CASA MATRIZ - Imgraf,,
SPNC01,CASA MATRIZ - Imgraf,,
CRANAM,CASA MATRIZ - Imgraf,,
SCNC02,CASA MATRIZ - Imgraf,,
BPS40,CASA MATRIZ - Imgraf,,
CHA2550,CASA MATRIZ - Imgraf,,
CHA2540,CASA MATRIZ - Imgraf,,
CHA2525,CASA MATRIZ - Imgraf,,
CHA1840,CASA MATRIZ - Imgraf,,
CHA1825,CASA MATRIZ - Imgraf,,
TC1000,CASA MATRIZ - Imgraf,,
PSG110,CASA MATRIZ - Imgraf,,
MTR009,CASA MATRIZ - Imgraf,,
MSB10,CASA MATRIZ - Imgraf,,
LPA002,CASA MATRIZ - Imgraf,,
LPN003,CASA MATRIZ - Imgraf,,
LPR005,CASA MATRIZ - Imgraf,,
LPV001,CASA MATRIZ - Imgraf,,
SQP05,CASA MATRIZ - Imgraf,,
PSS25,CASA MATRIZ - Imgraf,,
TDCT15,CASA MATRIZ - Imgraf,,
TTS5MM,CASA MATRIZ - Imgraf,,
LLMC11,CASA MATRIZ - Imgraf,,
LLMC09,CASA MATRIZ - Imgraf,,
LLMR03,CASA MATRIZ - Imgraf,,
LLMR02,CASA MATRIZ - Imgraf,,
LLMC01,CASA MATRIZ - Imgraf,,
PTFOA3,CASA MATRIZ - Imgraf,,
PTFOA4,CASA MATRIZ - Imgraf,,
PTFCA3,CASA MATRIZ - Imgraf,,
PTFCA4,CASA MATRIZ - Imgraf,,
PSA3,CASA MATRIZ - Imgraf,,
PSA4,CASA MATRIZ - Imgraf,,
SP4060,CASA MATRIZ - Imgraf,,
VA12580,CASA MATRIZ - Imgraf,,
PCR,CASA MATRIZ - Imgraf,,
PCRA,CASA MATRIZ - Imgraf,,
PS16090,CASA MATRIZ - Imgraf,,
PCOS,CASA MATRIZ - Imgraf,,
CBB500,CASA MATRIZ - Imgraf,,
CBC500,CASA MATRIZ - Imgraf,,
CBP500,CASA MATRIZ - Imgraf,,
CBR500,CASA MATRIZ - Imgraf,,
CFF151234,CASA MATRIZ - Imgraf,,
CFF154,CASA MATRIZ - Imgraf,,
CFF153,CASA MATRIZ - Imgraf,,
CFF152,CASA MATRIZ - Imgraf,,
CFF151,CASA MATRIZ - Imgraf,,
PCCR,CASA MATRIZ - Imgraf,,
PCCC,CASA MATRIZ - Imgraf,,
PCCD,CASA MATRIZ - Imgraf,,
PCCM,CASA MATRIZ - Imgraf,,
PCCA,CASA MATRIZ - Imgraf,,
PCSOC,CASA MATRIZ - Imgraf,,
PCSOF,CASA MATRIZ - Imgraf,,
PCSOS,CASA MATRIZ - Imgraf,,
PCSOR,CASA MATRIZ - Imgraf,,
PCSCP,CASA MATRIZ - Imgraf,,
PCSCBB,CASA MATRIZ - Imgraf,,
PCSBBC,CASA MATRIZ - Imgraf,,
PCSCD,CASA MATRIZ - Imgraf,,
PCSCN,CASA MATRIZ - Imgraf,,
PCSC01,CASA MATRIZ - Imgraf,,
RCS05,CASA MATRIZ - Imgraf,,
TDCE,CASA MATRIZ - Imgraf,,
LLC001,CASA MATRIZ - Imgraf,,
CDR03,CASA MATRIZ - Imgraf,,
CDC02,CASA MATRIZ - Imgraf,,
CDLS01,CASA MATRIZ - Imgraf,,
RCSK5,CASA MATRIZ - Imgraf,,
O04P,CASA MATRIZ - Imgraf,,
O05P,CASA MATRIZ - Imgraf,,
O06P,CASA MATRIZ - Imgraf,,
NSK5M,CASA MATRIZ - Imgraf,,
VR124,CASA MATRIZ - Imgraf,,
GM20P,CASA MATRIZ - Imgraf,,
VC60Y,CASA MATRIZ - Imgraf,,
VC60R,CASA MATRIZ - Imgraf,,
VC60G,CASA MATRIZ - Imgraf,,
VC60N,CASA MATRIZ - Imgraf,,
VC60C,CASA MATRIZ - Imgraf,,
VC60M,CASA MATRIZ - Imgraf,,
VC60V,CASA MATRIZ - Imgraf,,
VC60A,CASA MATRIZ - Imgraf,,
MP80,CASA MATRIZ - Imgraf,,
FDU30,CASA MATRIZ - Imgraf,,
FD60,CASA MATRIZ - Imgraf,,
FD30,CASA MATRIZ - Imgraf,,
PS110,CASA MATRIZ - Imgraf,,
BP450,CASA MATRIZ - Imgraf,,
BP340,CASA MATRIZ - Imgraf,,
GSP1,CASA MATRIZ - Imgraf,,
GSA1,CASA MATRIZ - Imgraf,,
GSB1,CASA MATRIZ - Imgraf,,
GSR1,CASA MATRIZ - Imgraf,,
GSC1,CASA MATRIZ - Imgraf,,
GSN1,CASA MATRIZ - Imgraf,,
GSV1,CASA MATRIZ - Imgraf,,
GSO1,CASA MATRIZ - Imgraf,,
CRAXL,CASA MATRIZ - Imgraf,,
CRAL,CASA MATRIZ - Imgraf,,
CRAS,CASA MATRIZ - Imgraf,,
CBAXXL,CASA MATRIZ - Imgraf,,
CBNXXL,CASA MATRIZ - Imgraf,,
CBAS,CASA MATRIZ - Imgraf,,
CRNL,CASA MATRIZ - Imgraf,,
CRNXL,CASA MATRIZ - Imgraf,,
CRNM,CASA MATRIZ - Imgraf,,
CRNS,CASA MATRIZ - Imgraf,,
CRRL,CASA MATRIZ - Imgraf,,
CRRXL,CASA MATRIZ - Imgraf,,
CRRM,CASA MATRIZ - Imgraf,,
CRRS,CASA MATRIZ - Imgraf,,
GM20L,CASA MATRIZ - Imgraf,,
RCPD,CASA MATRIZ - Imgraf,,
RCPP,CASA MATRIZ - Imgraf,,
V12P,CASA MATRIZ - Imgraf,,
V12C,CASA MATRIZ - Imgraf,,
V12B,CASA MATRIZ - Imgraf,,
V12A,CASA MATRIZ - Imgraf,,
TBS750,CASA MATRIZ - Imgraf,,
RP20,CASA MATRIZ - Imgraf,,
BP32,CASA MATRIZ - Imgraf,,
BP58,CASA MATRIZ - Imgraf,,
BP75,CASA MATRIZ - Imgraf,,
T20L,CASA MATRIZ - Imgraf,,
CS30,CASA MATRIZ - Imgraf,,
CS20,CASA MATRIZ - Imgraf,,
SFE1,CASA MATRIZ - Imgraf,,
JN14,CASA MATRIZ - Imgraf,,
TSA100,CASA MATRIZ - Imgraf,,
TSN100,CASA MATRIZ - Imgraf,,
TSC100,CASA MATRIZ - Imgraf,,
TSM100,CASA MATRIZ - Imgraf,,
TDUC1,CASA MATRIZ - Imgraf,,
TDUN1,CASA MATRIZ - Imgraf,,
TDUB1,CASA MATRIZ - Imgraf,,
TDUY1,CASA MATRIZ - Imgraf,,
TDUM1,CASA MATRIZ - Imgraf,,
TDW1,CASA MATRIZ - Imgraf,,
TDN1,CASA MATRIZ - Imgraf,,
TDC1,CASA MATRIZ - Imgraf,,
TDY1,CASA MATRIZ - Imgraf,,
TDM1,CASA MATRIZ - Imgraf,,
TEPC1,CASA MATRIZ - Imgraf,,
TEPY1,CASA MATRIZ - Imgraf,,
TEPM1,CASA MATRIZ - Imgraf,,
TEPN1,CASA MATRIZ - Imgraf,,
ECS1,CASA MATRIZ - Imgraf,,
TSN04,CASA MATRIZ - Imgraf,,
TSA03,CASA MATRIZ - Imgraf,,
TSF02,CASA MATRIZ - Imgraf,,
TSM01,CASA MATRIZ - Imgraf,,
TGC04,CASA MATRIZ - Imgraf,,
TGN03,CASA MATRIZ - Imgraf,,
TGY02,CASA MATRIZ - Imgraf,,
TGM01,CASA MATRIZ - Imgraf,,
LIAG152,CASA MATRIZ - Imgraf,,
LIAM137,CASA MATRIZ - Imgraf,,
VPW120,CASA MATRIZ - Imgraf,,
XB80,CASA MATRIZ - Imgraf,,
XB60,CASA MATRIZ - Imgraf,,
TXBM,CASA MATRIZ - Imgraf,,
MVP300,CASA MATRIZ - Imgraf,,
MVP230,CASA MATRIZ - Imgraf,,
TM1300,CASA MATRIZ - Imgraf,,
DML01,CASA MATRIZ - Imgraf,,
TM700,CASA MATRIZ - Imgraf,,
BPB40,CASA MATRIZ - Imgraf,,
SP01,CASA MATRIZ - Imgraf,,
DA1300,CASA MATRIZ - Imgraf,,
PPT49,CASA MATRIZ - Imgraf,,
RU85,CASA MATRIZ - Imgraf,,
RU80,CASA MATRIZ - Imgraf,,
FF180,CASA MATRIZ - Imgraf,,
RL20,CASA MATRIZ - Imgraf,,
RL25,CASA MATRIZ - Imgraf,,
RR11T,CASA MATRIZ - Imgraf,,
CC16,CASA MATRIZ - Imgraf,,
TFR11,CASA MATRIZ - Imgraf,,
TSFV11,CASA MATRIZ - Imgraf,,
TSRG11,CASA MATRIZ - Imgraf,,
TSDG11,CASA MATRIZ - Imgraf,,
TSC11,CASA MATRIZ - Imgraf,,
TSV11,CASA MATRIZ - Imgraf,,
TSN11,CASA MATRIZ - Imgraf,,
TSPG11,CASA MATRIZ - Imgraf,,
TSFM11,CASA MATRIZ - Imgraf,,
TSFR11,CASA MATRIZ - Imgraf,,
TSA11,CASA MATRIZ - Imgraf,,
TSR11naranja,CASA MATRIZ - Imgraf,,
TMN11,CASA MATRIZ - Imgraf,,
TBAAA36,CASA MATRIZ - Imgraf,,
TBAAA,CASA MATRIZ - Imgraf,,
PDP2,CASA MATRIZ - Imgraf,,
CBR3X3,CASA MATRIZ - Imgraf,,
LT1000,CASA MATRIZ - Imgraf,,
LT500,CASA MATRIZ - Imgraf,,
LT800,CASA MATRIZ - Imgraf,,
LT400,CASA MATRIZ - Imgraf,,
LT300,CASA MATRIZ - Imgraf,,
LT200,CASA MATRIZ - Imgraf,,
LT100,CASA MATRIZ - Imgraf,,
VTP010,CASA MATRIZ - Imgraf,,
VTV009,CASA MATRIZ - Imgraf,,
VTR008,CASA MATRIZ - Imgraf,,
VTM007,CASA MATRIZ - Imgraf,,
VTF006,CASA MATRIZ - Imgraf,,
VTB005,CASA MATRIZ - Imgraf,,
VTB004,CASA MATRIZ - Imgraf,,
VTG003,CASA MATRIZ - Imgraf,,
VTY002,CASA MATRIZ - Imgraf,,
VTO001,CASA MATRIZ - Imgraf,,
VA13780,CASA MATRIZ - Imgraf,,
VA15280,CASA MATRIZ - Imgraf,,
VA152100,CASA MATRIZ - Imgraf,,
VA137100,CASA MATRIZ - Imgraf,,
VA106100,CASA MATRIZ - Imgraf,,
PL25100,CASA MATRIZ - Imgraf,,
PM51,CASA MATRIZ - Imgraf,,
PDTFUV30,CASA MATRIZ - Imgraf,,
HPC4060,CASA MATRIZ - Imgraf,,
HP3838,CASA MATRIZ - Imgraf,,
ILA4,CASA MATRIZ - Imgraf,,
HP4060,CASA MATRIZ - Imgraf,,
HPT11,CASA MATRIZ - Imgraf,,
HP4050,CASA MATRIZ - Imgraf,,
HP5070,CASA MATRIZ - Imgraf,,
HPP20,CASA MATRIZ - Imgraf,,
CB75,CASA MATRIZ - Imgraf,,
CB32,CASA MATRIZ - Imgraf,,
CB58,CASA MATRIZ - Imgraf,,
PMC38,CASA MATRIZ - Imgraf,,
MB75,CASA MATRIZ - Imgraf,,
MB32,CASA MATRIZ - Imgraf,,
MB58,CASA MATRIZ - Imgraf,,
RB001,CASA MATRIZ - Imgraf,,
HP80100,CASA MATRIZ - Imgraf,,
MO06,CASA MATRIZ - Imgraf,,
HPD120,CASA MATRIZ - Imgraf,,
LB180300,CASA MATRIZ - Imgraf,,
LB150300,CASA MATRIZ - Imgraf,,
LBT102500,CASA MATRIZ - Imgraf,,
LB160300,CASA MATRIZ - Imgraf,,
LB150500,CASA MATRIZ - Imgraf,,
LB160500,CASA MATRIZ - Imgraf,,
LB137300,CASA MATRIZ - Imgraf,,
LB250300,CASA MATRIZ - Imgraf,,
LBT200500,CASA MATRIZ - Imgraf,,
LB302300,CASA MATRIZ - Imgraf,,
LB102500,CASA MATRIZ - Imgraf,,
PLDTFA3UV,CASA MATRIZ - Imgraf,,
PLDTF70,CASA MATRIZ - Imgraf,,
PL1818I32,CASA MATRIZ - Imgraf,,
PL18XP,CASA MATRIZ - Imgraf,,
ML16000,CASA MATRIZ - Imgraf,,
