codigo,nombre,codigo_grupo
000144,METRO DE IMPRESION ECOSOLOVENTE EN VINIL MATE,15
000143,PINCH ROLLER,4
000142,CUCHILLA NC01,8
000141,MÁQUINA OJETERA MANUAL / INCLUYE DADO MOLDE #6,5
000140,CABEZAL DX4,4
000139,FILM DTF UV 30X100M B,13
000138,BOMBA DE TINTA,4
000137,CONECTORES TIPO Y,4
000136,PROMOCION DE OJETERA,3
000135,ROLL UP DE 80X200 CON ARTE IMPRESO,15
000134,CAMISA TERMINADA CON IMPRESION DTF,15
000133,PLIEGO DE VINIL ADHESIVO DE 40X60 CM,15
000132,PVC TAMAñO 0.65X50 CM,15
000131,VINIL DE 80X60 CM PEGADOS SOBRE PVC DE 5 MM,15
000130,VINIL DE 0.25 X 20 CM PEGADO SOBRE PVC DE 5 MM,15
000129,FUENTE DE 36 VOLTIOS,4
000128,VINYL ADHESIVO TRANSPARENTE 80 MICRAS 1.37 50 M YARDAS,10
000127,MÁQUINA OJETERA MANUAL / INCLUYE DADO MOLDE #5,3
000126,TAZAS BLANCAS AAA / CAJA 48 PCS,6
000125,VINIL DE CORTE CELESTE YARDA,10
000124,MANIFULL PARA DX5,4
000123,SINCHAS FLEX PARA CABEZAL DX5,4
000122,CABEZA Y CAPING PARA DX5,4
000121,SENSOR OPTICO,5
000120,VINIL METALIZADO AQUA YARDA,10
000119,RESISTENCIA PARA TAZAS 11OZ,6
000118,PLOTTER DE CORTE 150CM INCLUYE CAMARA SENSOR DE CORTE MAX FUERZA ARRASTRE 1000G,3
000117,PLOTTER DE CORTE 127 CM INCLUYE CAMARA SNESOR DE CORTE MAX FERZA ARRASTRE 1000G,3
000116,BANDEROLA PORTáTIL CON MOCHILA INCLUIDA,1
000115,SERVICIO DE PLANCHADO EN PRENDA,15
000114,BANNER 2X0.50 CON IMPRESION FULL COLOR,15
000113,BANER 1X1 CON IMPRESION FULL COLOR,15
000112,X BANNER 80X1.80 IMPRESOS FULL COLOR,15
000111,IMPRESION DTF METRO,15
000110,IMPRESION DTF MEDIO METRO,15
000109,IMPRESION DTF TAMAÑO TABLOIDE,15
000108,IMPRESION DTF TAMAÑO CARTA,15
000107,ONE WAY VISION 1.37 M MICROPERFORADO YARDAS,5
000106,MAIN BOARD,4
000105,BULL SISTEM,4
000104,CAPING,4
000103,VINYL ADHESIVO TRANSPARENTE 80 MICRAS 1.37 50 M,10
000102,IMPRESOR EPSON L1250,3
000101,RELAY DE ESTADO SOLIDO,4
000100,VINYL ADHESIVO GLOSSY 1.06*50MM 100 MIC IMAX ADHESIVE,5
000099,VINIL MAGNETICO YARDA,10
000098,DADO 6,8
000097,DADO 5,8
000096,ACRILICO TRANSPARENTE 10MM,12
000095,ACRILICO TRANSPARENTE 5MM,12
000094,ACRILICO TRANSPARENTE 3MM,12
000093,PLANCHA COMBO 8 EN 1,3
000092,PLANCHA COMBO 10 EN 1,3
000091,MOTOR Y CABLES,4
000090,CINCHA LARGA DE DATOS PARA PLOTTER DE 1.60,4
000089,CABEZAL XP600,4
000088,METRO DE TUBERIA DE 6 LINEAS,4
000087,BOMBA DE TINTA,4
000086,CINCHA DE CABEZAL A LA HEAD BOARD,4
000085,DAMPER,4
000084,HEAD BOARD,4
000083,VINYL DE CORTE FUXIA,10
000082,VINYL DE CORTE CELESTE,10
000081,VINYL DE CORTE BLANCO,10
000080,VINYL DE CORTE AZUL,10
000079,VINYL DE CORTE AMARILLO,10
000078,VINYL DECORTE ROSADO NEON,10
000077,VINYL DE TEXTIL NARANJA NEON YARDAS,10
000076,VINYL DE PIZZARA WHITE BOARD FIM 1.20 X 50 M YARDAS,10
000075,VINYLDE CORE BLANCO YARDAS,10
000074,VINYL DE CORTE VERDE OSCURO YARDAS,10
000073,VINYL DE CORTE VERDE CLARO YARDAS,10
000072,VINYL DE CORTE ROSADO YARDAS,10
000071,VINYL DE CORTE OCRE YARDAS,10
000070,VINYL DE CORTE OCRE YARDAS,10
000069,VINYL DE CORTE NEGRO YARDA,10
000068,VINYL DE CORTE NEGRO,10
000067,VINYL DE CORTE GRIS,9
000066,VINYL DE CORTE FUXIA,10
000065,VINYL DE CORTE AQUA,10
000064,VINYL FIBRA DE CARBON FILM 5D AZUL1.52*30M YARDAS,9
000063,VINYL FIBRA DE CARBON FILM 5D DORADO1.52*30M YARDAS,9
000062,VINYL FIBRA DE CARBON FILM 5D GRIS 1.52*30M YARDAS,9
000061,VINYL FIBRA DE CARBON FILM 5D BLACK 1.52*30M YARDA,9
000060,VINYL TEXTILMETALIZADO VERDE OSCURO,9
000059,VINYL TEXTIL VERDE OSCURO,9
000058,VINYL TEXTIL VERDE NEON,9
000057,VINYL TEXTIL ROSADO NEON YARDAS,9
000056,VINYL TEXTIL ROJO YARDAS,9
000055,VINYL TEXTIL NEGRO YARDAS,9
000054,VINYL TEXTIL NARANAJA YARDAS,9
000053,VINYL TEXTIL METALIZADO ROJO YARDAS,9
000052,VINYL TEXTIL METALIZADO NARANJA YARDAS,9
000051,VINYL TEXTIL METALIZADO MORADO YARDAS,9
000050,VINYL TEXTIL METALIZADO ACUA YARDAS,9
000049,VINYL TEXTIL GRIS YARDAS,9
000048,VINYL TEXTIL DORADO YARDAS,9
000047,VINYL TEXTIL AZUL YARDAS,9
000046,VINYL TEXTIL AMARILLO NEON,9
000045,VINYL TEXTIL AMARILLO NEON,9
000044,VINYL TEXTIL AMARILLO MOSTASA YARDAS,9
000043,VINYL 1.37METROS 100 MICRAS IMAX ADHESIVE,5
LB137300T,LONA BANNER 300*500 18*12 1.37 TRASLUCIDA,5
000042,COSTO POR ENVIO,8
000041,SERVICIO TECNICO,4
000040,COSTO DE ENVIO,8
000039,PAPEL TISSUE 1.70 PARA CALANDRA SUBLIMACION,13
000038,TUMBLER WITH LID 20 ONZ (VASO CON PAJILLA SUBLIMABLE),6
000037,TINTA SUBLIMACION FLORECENTE MAGENTA 1 LITRO INK,7
000036,TINTA SUBLIMACION FLORECENTE AMARILLA 1 LITRO INK,7
000035,VYNYL ADHESIVO TRANSPARENTE 80MICRAS/1.37X50M,10
000034,VYNYL ADHESIVO TRANSPARENTE 80MICRAS/1.06X50M,10
000033,VYNYL ADHESIVO GLOSSY 100MICRAS/1.37X50M,5
000032,TAZAS FONDO NARANJA,6
000031,LLAVERO METALICO RECTANGULAR BORDE CIRCULAR,6
JN16,JARRAS NEVADAS 16 OZ SUBLIMACION,6
000030,COLA BOTTLE TERMO BLANCO 500ML,6
000029,COLA BOTTLE TERMO AQUA 500ML,6
000028,SOLVENTE FLUSH DTF UV BOTELLA NEGRA,7
000027,SOLVENTE FLUSH SUBLIMACION,7
000026,SOLVENTE ECO CLEAN SOLUTION 1 LITRO,7
000025,LLAVERO METALICO CUADRADO SUBLIMABLE,6
000024,LLAVERO DE MADERA FORMA SHAPE,6
000023,LLAVERO DE MADERA FORMA CIRCULAR,6
000022,LLAVERO DE MADERA FORMA OVAL,6
000021,LLAVERO DE MADERA FORMA ARROW,6
000020,LLAVERO DE MADERA FORMA HEXAGONAL,6
000019,LAMINADOR UV 80 MIC 1.52 X50M,14
000018,LAMINADOR UV 80 MIC 1.37 X50M,14
000017,LAMINADOR UV 80 MIC 1.06 X50M,14
000016,GRAFICO DE PISO 1.52X50M 180MICRON/110GRS FLOOR FILM YARDS,13
000015,FILM DTF UV 60X100 AB,13
000014,MOLDE BOTON 37 MM,8
000013,VINIL TEXTIL RED ROLLO,9
000012,VINIL TEXTIL NEON PINK ROLLO,9
000011,VINIL TEXTIL NAVY BLUE ROLLO,9
000010,VINIL TEXTIL LEMON YELLOW ROLLO,9
000009,VINIL TEXTIL KELLY GREEN ROLLO,9
000008,VINIL TEXTIL NEON ORANGE ROLLO,9
000007,VINIL TEXTIL NEON YELLOW ROLLO,9
000006,VINIL TEXTIL GOLDEN ROLLO,9
000005,VINIL TEXTIL SILVER ROLLO,9
000004,VINIL TEXTIL NEON GREEN ROLLO,9
000003,VINYL DE CORTE 60CM *45.7 M GRIS OSCURO YARDA,10
000002,VINYL DE CORTE 60CM *45.7 M AZUL CLARO,10
000001,CONTROL BOX,3
VC60CA,VINYL DE CORTE 60 CM*45.7 M AQUA,5
TSR11,TAZAS 11ONZ SUBLIMACION FONDO ROJO,6
TBS7501,TERMO BLANCO SPORT BOOTLE 750ML,6
VC60P1,VINYL DE CORTE 60 CM*45.7 M ROSADO VIEJA,5
VC60C1,VINYL DE CORTE 60 CM*45.7 M AQUA,5
GSA1A,GORRAS AMARILLA,6
TDUB11,TINTA UV VANISH. 1 LITRO INK,7
TDW12,TINTA DTF BLANCA SUBLIMACION 1 LITRO UV INK,7
JN145,JARRAS NEVADAS 14 OZ SUBLIMACION,6
TSR12,TAZAS 11ONZ SUBLIMACION FONDO ROJO,6
MB751,MOLDE DE BOTON 75 M,8
LB1025001,LONA BANNER DE 500*500 1.02,5
A32035,SQUEESE DE FELPA,8
A32034,BOTONERA,3
A32033,A3 XP 600 DTF,3
A32032,PULSERA VERDE NEON,8
A32031,PULSERA RASADA,8
A32030,PULSERA ANARANJADA,8
A32029,PULSERA ROJA,8
A32028,BROCHES,8
A32027,A3 POWEDER,3
A32026,A3 UV DTF,3
CAMISAXL2026,CAMISA NIÑO POLICOTTON XL,6
CAMISAPOLY2026,CAMISA ADULTO POLYCOTTON S,6
PPL60X80,PIZARRA LED PARED,1
PL60X80P,PIZARRA LED 60X80 PEDESTAL,1
PS11090,PAPEL PARA SUBLIMAR ROLLO 1.10M 90 GRAMOS,11
PS11075,PAPEL PARA SUBLIMAR 1.10M 75 GRAMOS,11
CAMISA2026,CAMISA RANGLAN AZUL M,6
LAPI2026,LAPICERO DE PLASTICO ANARANJADO,6
SQP05V,SQUEESE PLASTICO VERDE (PALETA PARA PEGAR VINIL ),8
SQP04D,SQUEESE PLASTICO DORADO (PALETA PARA PEGAR VINIL ),8
PTFLA44,PAPEL TRANSFER LASER A4,11
VASO2027,VASO VINERO CELESTE,6
VASO2026,VASO VINERO ROSADO,6
FUND2026,FUNDA PILLOW MAGIC PARA SUBLIMAR (COJIN) CUADRADO MORADO,6
COLLAR21,COLLAR NC 21,6
COLLA08,COLLAR NC08,6
CUCHILA2026,CUCHILLA SHAPPY,8
V20261,"VINIL REFLECTIVO FILM 1,24*45,7",6
VC60AH,VINYL DE CORTE 60 CM*45.7 M AMARILLO HUEVO,5
VC60O,VINYL DE CORTE 60 CM*45.7 M OCRE,5
VC60P,VINYL DE CORTE 60 CM*45.7 M ROSADO,5
VC60L,VINYL DE CORTE 60 CM* 45.7 M LILA,5
VC60VB,VINYL DE CORTE 60 CM* 45.7 M VERDE BOTELLA,5
FLOOR26,GRAFICO DE PISO 1.52X50M 180MICRON/110GRS FLOOR FILM ROLLO,13
CMRRM,CAMISA MANGA RANGLAN ROJA M,6
CMRRXL,CAMISA MANGA RANGLAN ROJA XL,6
CMRRL,CAMISA MANGA RANGLAN ROJA L,6
CMRRS,CAMISA MANGA RANGLAN ROJA S,6
CMRAXL,CAMISA MANGA RANGLAN AZUL XL,6
CMRAL,CAMISA MANGA RANGLAN AZUL L,6
CMRAS,CAMISA MANGA RANGLAN AZUL S,6
CA2026,CAMISA MANGA RANGLAN M,6
TSHKXXL,CAMISAS BLANCA DE NIÑ0 XXL,6
BP37,BOTONES DE 37MM,6
SFFLUSG,SOLVENTE FLUSH GALAXI,7
SFBLANCO,SOLVENTE FLUSH DTF BOTELLA BLANCO,7
L227,LAMINADOR COLD (GLOSS) 50MIC /1.37 X50M,14
L226,LAMINADOR MATE 50MIC 1.52 M,14
CC0831,IMAX LAMINADOR UV 80 MIC 1.06 M,14
FF179,GRAFICO DE PISO 1.50X50M 180 MICRON/110GRS LINER CLEAR PERMANENT GLUE YARDS,10
TSRFB11,TAZA 11OZ ROJO CON FONDO BLANCO,6
TSVFB11,TAZA 11OZ VERDE CON FONDO BLANCO,6
TSMFB11,TAZA 11 OZ MORADA CON FONDO BLANCO,6
TSPB11,TAZA 11OZ PLATA CON FONDO BLANCO,6
TSCFB11,TAZA 11OZ CELESTE CON FONDO BLANCO,6
TSRR11,TAZAS 11OZ SUBLIMACION FONDO ROSADO,6
HTW300SE,VINYL TEXTIL ECOSOLVENTE PRINTABLE 50X30M,9
ONEWAY,ONE WAY VISION 1.37 M MICROPERFORADO,5
PRENSA1,PRENSA DE TAZAS 11OZ,3
PLANCHA,PLANCHA PLANA 60*80,3
IMPRESOR,IMPRESOR EPSON 170,3
LB3,LONA BANNER 300X500 1.05 X50M TRASLUCIDA,5
LB2,LONA BANNER GLOSSY 500*500 50 MIC 1.50 M,5
LB1,LONA BANNER GLOSSY 500*500 50 MIC 1.80 M,5
LBT137300,LONA BANNER 300*500 1.37 50M TRASLUCIDA,5
DTT01,DISPENSADOR DE TAPE TÉRMICO,8
PSZ90,"PLANCHA, SUBLIMAR, ZAPATOS",3
TPG11,TAZA 11OZ PLATING GOLD,6
TGP11,TAZA 11OZ GLITTER PURPLE (MORADO ),6
TGY11,TAZA 11OZ GLITTER AMARILLA,6
TFPP11,TAZA FLUORESCENTE PURPLE 11 ONZ,6
TFC11,TAZA FLUORESCENTE CELESTE 11 ONZ,6
TFP11,TAZA FLUORESCENTE PINK 11OZ,6
TC12P,TAZA CON CUCHARA PINK 12 ONZ,6
TC12N,TAZA CON CUCHARA BLACK 12 ONZ,6
TC12O,TAZA CON CUCHARA ORANGE 12 ONZ,6
TC12B,TAZA CON CUCHARA BLUE 12 ONZ,6
TC12R,TAZA CON CUCHARA RED 12 ONZ,6
TC12Y,TAZA CON CUCHARA YELLOW 12 ONZ,6
MPSR07,MEDALLA PET REDONDA,6
MPSRC06,MEDALLA PET REDONDO C/OJAL,6
MPSC05,MEDALLA PET CUADRADA,6
MPSR04,MEDALLA PET RECTANGULAR,6
MPSO03,MEDALLA PET OVALADA,6
MPSM02,MEDALLA PET MICKEY,6
MPSC01,MEDALLA PET CORAZON,6
PCMC60,PLOTER DE CORTE MG630F,3
TSAMXXXXL,CAMISA ADULTO POLYCOTTON XXXXL,6
TSAXXXL,CAMISA ADULTO POLYCOTTON XXXL,6
TSAXXL,CAMISA ADULTO POLYCOTTON XXL,6
TSAXL,CAMISA ADULTO POLYCOTTON XL,6
TSAL,CAMISA ADULTO POLYCOTTON L,6
TSAM,CAMISA ADULTO POLYCOTTON M,6
PLEDPA,PIZARRA LED PARED,1
PLED6080,PIZARRA LED 60X80 PEDESTAL,1
VA10680M,VINYL ADHESIVO 1.06M GOMA GRIS MATTE 80 MIC,5
VA13780M,VINYL ADHESIVO 1.37M GOMA GRIS MATTE 80 MIC,5
VA15280M,VINYL ADHESIVO 1.52M GOMA GRIS MATTE 80MIC,5
SP11090,PAPEL PARA SUBLIMAR ROLLO 1.10M 90 GRAMOS,11
SP11075,PAPEL PARA SUBLIMAR 1.10M 75 GRAMOS,11
SPNC01,NCORTADOR MANUAL PVC TROVICEL,8
CRANAM,CAMISA RANGLAN AZUL M,6
SCNC02,CORTADOR SIZADOR DE COROPLAST PARA DOBLES,8
BPS40,BACK PACK SUBLIMABLE 40X40 BLANCO,6
CHA2550,CHAPETON ACERO INOXIDABLE 25*50,8
CHA2540,CHAPETON ACERO INOXIDABLE 25*40,8
CHA2525,CHAPETON ACERO INOXIDABLE 25*25,8
CHA1840,CHAPETON ACERO INOXIDABLE18*40,8
CHA1825,CHAPETON ACERO INOXIDABLE 18*25,8
TC1000,TIRRO CREPE,8
PSG110,PLANCHA SUBLIMAR GORRAS 110V,3
MTR009,MULTI TRANSFER ROLLER MACHINE AREA DE IMPRESIÓN 5*9,3
MSB10,MAQUINA SUBLIMACION BOLIGRAFO FREE SUB 10 EN 1,3
LPA002,LAPICEROS DEPLASTICO AZUL,6
LPN003,LAPICERO DE PLASTICO NEGRO,6
LPR005,LAPICERO DE PLSTICO ROJO,6
LPV001,LAPICERO DE PLASTICO VERDE,6
SQP05,SQUEESE PLASTICO (PALETA PARA PEGAR VINIL ),8
PSS25,POP SOCKET SUBLIMAR,6
TDCT15,TAPE DOBLE CARA TRASPARENTE 15*50MM,8
TTS5MM,TAPE TERMICA PARA SUBLIMAR 5MM*60,8
LLMC11,LLAVERO PLASTICO CORTA UÑA PARA SUBLIMACIÓN,6
LLMC09,LLAVERO METALICO CORAZÓN SUBLIMABLE,6
LLMR03,LLAVERO METALICO RECTANGULAR,6
LLMR02,LLAVERO METALICO REDONDO,6
LLMC01,LLAVERO METALICO CUADRADO,6
PTFOA3,PAPEL TRASFER FONDO OSCURO A3,11
PTFOA4,PAPEL TRASFER FONDO OSCURO A4,11
PTFCA3,PAPEL TRASFER FONDO CLARO A3,11
PTFCA4,PAPEL TRASFER FONDO CLARO A4,11
PSA3,PAPEL PARA SUBLIMAR A3,11
PSA4,PAPEL PARA SUBLIMAR A4,11
SP4060,PAPEL DE SUBLIMACION 40*60,11
VA12580,VINYL ADHESIVO GLOSSY 80 MICRAS 1.25 * 50,5
PCR,PAPEL COLOR ROSADO,11
PCRA,PAPEL DE COLORES ABIERTO ROSADO Y AMARILLO,11
PS16090,PAPEL SUBLIMACION 1.60 Y 90 GRAMOS,11
PCOS,FUNDA PILLOW (COJIN) DE OSO PARA SUBLIMAR,6
CBB500,COLA BOTTLE TERMO BLANCO 500,6
CBC500,COLA BOTTLE CELESTE 500ML,6
CBP500,COLA BOTTLE TERMO PLATEADO 500ML,6
CBR500,COLA BOTTLE TERMO ROSADO 500ML,6
CFF151234,VINYL FIBRA DE CARBON FILM 5D BLACK 1.52*30M ROLLO,10
CFF154,VINYL FIBRA DE CARBON FILM 5D BLACK 1.52*30M GRIS,10
CFF153,VINYL FIBRA CARBON FILM 5D BLACK 1.52*30M DORADO,10
CFF152,VINYL FIBRA DE CARBON FILM 5D BLACK 1.52*30M AZUL,10
CFF151,VINYL FIBRA DE CARBON FILM 5D BLACK 1.52*30M NEGRO,10
PCCR,FUNDA PILLOW MAGIC PARA SUBLIMAR (COJIN) CUADRADO ROJO,6
PCCC,FUNDA PILLOW MAGIC PARA SUBLIAMR (COJIN) CUADRADO BLANCO,6
PCCD,FUNDA PILLOW MAGIC PARA SUBLIMAR (COJIN) CUADRADO DORADO,6
PCCM,FUNDA PILLOW MAGIC PARA SUBLIMAR (COJIN) CUADRADO ROJO BLANCO,6
PCCA,FUNDA PILLOW MAGIC PARA SUBLIMAR (COJÍN ) CUADRADO AZUL,6
PCSOC,FUNDA PILLOW (COJIN OSÓ ) CELESTE,6
PCSOF,FUNDA PILLOW (COJIN OSÓ ) FUSCIA,6
PCSOS,FUNDA PILLOW (COJIN OSÓ ) SALMON,6
PCSOR,FUNDA PILLOW (COJIN OSÓ ) ROSA,6
PCSCP,FUNDA PILLOW MAGIC CORAZON PLATA,6
PCSCBB,FUNDA PILLOW MAGIC BLANCO /BLANCO CUADRADO,6
PCSBBC,FUNDA PILLOW MAGIC BLANCO /BLANCO CORAZON,6
PCSCD,FUNDA PILLOW MAGIC COJIN PARA SUBLIMAR CORAZON DORADO,6
PCSCN,FUNDA PILLOW COJIN PARA SUBLIMAR MAGIC CORAZON NEGRO,6
PCSC01,FUNDA PILLOW COJIN PARA SUBLIMAR DE CORAZON ROSADO,6
RCS05,RELLENOS DE CORAZON RELLENO,6
TDCE,TAPE DOBLE CARA ESPUMA 3001342 2.4CM×10YDS,8
LLC001,LLAVERO DE CORAZONES,6
CDR03,COLLAR REDONDO,6
CDC02,COLLAR DIJE CUADRADO,6
CDLS01,COLLAR DE DIJE LARGO,6
RCSK5,REPUESTO DE CUCHILLA SK5 /10 UNIDAD,8
O04P,OJETE # 4 PARA BANNER PLATEADO,5
O05P,OJETE # 5 PARA BANNER PLATEADO,5
O06P,OJETE # 6 PARA BANNER PLATEADO,5
NSK5M,CORTADOR NAVAJA SK5 MANUAL /M20,8
VR124,VINYL REFLECTIVO (KILOBRIGHT REFLECTIVE) FILM 1.24*45.7M,10
GM20P,GANCHO MOSQUETON PLASTICO NEGRO 20MM,8
VC60Y,VINYL DE CORTE 60 CM*45.7 M AMARILLO CLARO,5
VC60R,VINYL DE CORTE 60 CM*45.7 M ROJO,5
VC60G,VINYL DE CORTE 60 CM*45.7 M GRIS,5
VC60N,VINYL DE CORTE 60 CM*45.7 MNARANJA,5
VC60C,VINYL DE CORTE 60 CM* 45.7 M CAFE,5
VC60M,VINYL DE CORTE 60 CM* 45.7 M MORADO,5
VC60V,VINYL DE CORTE 60 CM* 45.7 M VERDE,5
VC60A,VINYL DE CORTE 60 CM*45.7M AZUL,5
MP80,MESA PROMOCIONAL 80X120X80 INCLUYE FUNDA DE VIAJE,1
FDU30,FILM DTF UV 30X100M A,13
FD60,FILM DTF PET FIL 0.6* 100 M,13
FD30,FILM DTF PET FIL 0.3*100M,13
PS110,PAPEL SUBLIMACION 1.1M 100 GRAMOS,6
BP450,BANDEROLA 4.50X0.80 PUBLICITARIA (NO INCLUYE TELA ),1
BP340,BANDEROLA 3.40X0.80 PUBLICITARIA (NO INCLUYE TELA ),1
GSP1,GORRAS ROSADAS,6
GSA1,GORRAS AZUL CON BLANCO,6
GSB1,GORRAS BLANCAS,6
GSR1,GORRAS ROJOS CON BLANCO,6
GSC1,GORRAS CELESTE BLANCO,6
GSN1,GORRAS BLANCAS CON NEGRO,6
GSV1,GORRAS VERDES,6
GSO1,GORRAS NARANJADAS,6
CRAXL,CAMISA RUEDO AZUL XL,6
CRAL,CAMISA RUEDO AZUL L,6
CRAS,CAMISA RUEDO AZUL S,6
CBAXXL,CAMISAS BLANCAS XXL,6
CBNXXL,CAMISAS BLANCA DE NIÑ0  XXL,6
CBAS,CAMISAS BLANCA ADULTO S,6
CRNL,CAMISAS RUEDO NEGRO L,6
CRNXL,CAMISAS RUEDO NEGRO XL,6
CRNM,CAMISAS RUEDO NEGRO M,6
CRNS,CAMISAS RUEDO NEGRO S,6
CRRL,CAMISAS RUEDO ROJO L,6
CRRXL,CAMISAS RUEDO ROJO XL,6
CRRM,CAMISAS RUEDO ROJO M,6
CRRS,CAMISAS RUEDO ROJO S,6
GM20L,GANCHO METAL 20MM PARA LANYARD,8
RCPD,ROMPE CABEZAS DORADO,6
RCPP,ROMPE CABEZAS PLATEADO,6
V12P,VACUM PINK VINERO 12OZ,6
V12C,VACUM CELESTE VINERO 12OZ,6
V12B,VACUM BLANCO VINERO 12OZ,6
V12A,VACUM AQUA VINERO 12OZ,6
TBS750,TERMO BLANCO SPORT 750ML,6
RP20,RESISTENCIA PARA PACHON 20OZ,8
BP32,BOTONES 32 MM,6
BP58,BOTONES DE 58MM,6
BP75,BOTONES 75 31/2,6
T20L,20OZ TUMBLER WITH LID (VASO CON PAJILLA SUBLIMABLE ),6
CS30,CERAMICA GRANDE 30X30 SUBLIMABLE,6
CS20,CERAMICA PEQUEÑA 20X25 SUBLIMABLE,6
SFE1,SOLVENTE FLUSH PREMIUM,7
JN14,JARRAS NEVADAS 16 OZ SUBLIMACION,6
TSA100,TINTA SUBLIMACION AMARILLA 100ML,7
TSN100,TINTA SUBLIMACION NEGRA 100ML,7
TSC100,TINTA SUBLIMACION CYAN 100ML,7
TSM100,TINTA SUBLIMACION MAGENTA 100ML,7
TDUC1,TINTA UV CIAN 1 LITRO UV INK,7
TDUN1,TINTA UV NEGRA 1 LITRO UV INK,7
TDUB1,TINTA UV BLANCO 1 LITRO UV INK,7
TDUY1,TINTA UV YELLOW 1 LITRO UV INK,7
TDUM1,TINTA UV MAGENTA 1 LITRO UV INK,7
TDW1,TINTA DTF BLANCO 1 LITRO INK,7
TDN1,TINTA DTF NEGRA 1 LITRO INK,7
TDC1,TINTA DTF CIAN 1 LITRO INK,7
TDY1,TINTA DTF YELLOW 1 LITRO INK,7
TDM1,TINTA DTF MAGENTA 1 LITRO INK,7
TEPC1,TINTA ECOSLVENTE PREMIUN CIAN 1 LITRO INK,7
TEPY1,TINTA ECOSOLVENTE PREMIUN YELLOW 1 LITRO INK,7
TEPM1,TINTA ECOSOLVENTE PREMIUN MAGENTA 1 LITRO INK,7
TEPN1,TINTA ECOSOLVENTE PREMIUN NEGRA 1 LITRO. UV INK,7
ECS1,ECO SOLVENTE CLEAN SOLUTION1 LITRO,7
TSN04,TINTA DE SUBLIMACION NEGRA 1 LITRO UV INK,7
TSA03,TINTA DE SUBLIMACION AMARILLA 1 LITOR UV INK,7
TSF02,TINTA DE SUBLIMACION CYAN 1 LITRO UV INK,7
TSM01,TINTA DE SUBLIMACION MAGENTA 1 LITRO UV INK,7
TGC04,TINTA GALAXY CYAN 1 LITRO ECOSOLVENTE,7
TGN03,TINTA GALAXY NEGRA 1 LITRO ECOSOLVENTE,7
TGY02,TINTA GALAXY YELLOW 1 LITRO ECOSLVENTE,7
TGM01,TINTA MAGENTA GALAXY 1 LITRO ECOSOLVENTE,7
LIAG152,LAMINADOR COLD (GLOSS) 50MIC /1.52 X50M,14
LIAM137,LAMINADOR IMAX ADHESIVE MATE 1.37X50,14
VPW120,VINYL DE PIZZARA WHITE BOARD FIM 1.20 X 50 M,10
XB80,XBANER DE 80*1.80 ESTRUCTURA PUBLICITARIA,1
XB60,XBANER DE 60*1.60 ESTRUCTURA PUBLICITARIA,1
TXBM,TABLE X BANNER MINI 12 X18 CMS (MINI X BANNER ),1
MVP300,MURO VELCO PUBLICITARIO 3*3 /2.30X2.30 M,1
MVP230,MURO VELCO PUBLICITARIO 3*4 2.30X3.00M,1
TM1300,TRIME MACHINE 1300,3
DML01,DESTAPADOR METALICO PARA LANYARD,6
TM700,TRIME MACHINE 700,3
BPB40,BACK BAG BANNER 40X1.25,1
SP01,SOMBRILLA PROMOCIONAL,1
DA1300,DOBLADORA ACRILIC0 1300 MANUAL 220V,3
PPT49,PANTALLA PUBLICITARIA TOUCH DE 49 PULGADAS,1
RU85,ROLL UP BANNER 85*200 CM,1
RU80,ROLL UP 80*200CM,1
FF180,GRAFICO DE PISO 1.50X50M 180 MICRON/110GRS LINER CLEAR PERMANENT GLUE ROLLO,10
RL20,ROLLO DE LANYARD 20MM / 100M.,6
RL25,ROLLO DE LANYARD 25MM / 100M.,6
RR11T,REPUESTOS RESISTENCIA DE MAQUINA DE TAZAS,8
CC16,CAR CUP SUBLIMABLE,6
TFR11,TAZA FLUORECENTE ROSADO (FUCSIA ),6
TSFV11,TAZA 11OZ FLUORESCENTE YELLOW (AMARILLO ),6
TSRG11,TAZAS 11ONZ ROSA GLITTER,6
TSDG11,TAZAS 11ONZ DORADA GLITTER,6
TSC11,TAZAS FONDO CELESTE,6
TSV11,TAZAS FONDO VERDE MANZANA,6
TSN11,TAZAS 11OZ SUBLIMACION FONDO NEGRO,6
TSPG11,TAZAS 11OZ PLATA /GLITTER,6
TSFM11,TAZAS 11OZ FONDO MORADO,6
TSFR11,TAZAS 11OZ SUBLIMACION FONDO ROSADO,6
TSA11,TAZAS 11OZ SUBLIMACION FONDO AMARLLO,6
TSR11naranja,TAZAS CON CUCHARA NARANJA,6
TMN11,TAZAS MAGICAS NEGRAS MATTE / UNIDAD,6
TBAAA36,TAZAS BLANCAS AAA / CAJA 36 PCS,6
TBAAA,TAZAS BLANCAS AAA / UNIDAD,6
PDP2,POLVO DTF POLIAMIDA 2KGS,13
CBR3X3,CANOPI BLANCO 3X3 RETRÁCTIL INCLUYE BOLSA DE VIAJE,1
LT1000,LAMÍNA TROVICEL PVC 10MM/ 122X244CMS,12
LT500,LAMÍNA TROVICEL PVC 5MM / 122X244CMS,12
LT800,LAMÍNA TROVICEL PVC 8MM / 122X244CMS,12
LT400,LAMÍNA TROVICEL PVC 4MM / 122X244CMS,12
LT300,LAMINA TROVICEL PVC 3MM / 122X244CMS,12
LT200,LAMINA TROVICEL PVC 2MM /122X244CMS,12
LT100,LÁMINA TROVICEL PVC 1 MM 122X244CMS,12
VTP010,VINYL TEXTIL PINK ROLLO,9
VTV009,VINYL TEXTIL VERDE CLARO ROLLO,9
VTR008,VINYL TEXTIL ROSADO SUAVE ROLLO,9
VTM007,VINYL TEXTIL MORADO ROLLO,9
VTF006,VINYL TEXTIL FUSCIA ROLLO,9
VTB005,VINIY TEXTIL NEGRO ROLLO,9
VTB004,VINIL TEXTIL BLUE ROLLO,9
VTG003,VINYL TEXTIL GREEN ROLLO,9
VTY002,VINLY TEXTIL YELLOW ROLLO,9
VTO001,VINYL TEXTIL ORANGE ROLLO,9
VA13780,VINYL 1.37 METROS 80 MICRAS IMAX ADHESIVE,5
VA15280,VINIY 1.52 METROS 80 MICRAS IMAX ADHESIVE,5
VA152100,VINYL 1.52METROS 100 MICRAS IMAX ADHESIVE,5
VA137100,VYNYL ADHESIVO GLOSSY 1.37 M/100MICRAS IMAX ADHESIVE,5
VA106100,VINYL ADHESIVO GLOSSY 1.06*50MM 80 MIC IMAX ADHESIVE,5
PL25100,PLANCHA LANYARD 25X100 CMS /110V MANUAL,3
PM51,PLANCHA 5 IN 1 MULTITAZAS 110/V,3
PDTFUV30,PLÓTER DE IMPRESIÓN LOCOR DTFUV 30 CMS ALTA RESOLUCIÓN 2 CABEZA,3
HPC4060,40X60CM 4IN1 COMBO HEAT PRESS MACHINE,3
HP3838,PLANCHA PLANA 38*38 A 110V,3
ILA4,IMPRESOR LASSER WHITE TONER A4 INTERFACE USB2.0,3
HP4060,PLANCHA PLANA CAMISAS HET PRESS 40*60 110V,3
HPT11,PLANCHA CILÍNDRICA PARA UNA TAZA /110V,3
HP4050,PLANCHA PLANA HET PRESS STS 4050,3
HP5070,PLANCHA PLANA HET PRESS STS 50*70,3
HPP20,PLANCHA DE PACHON 20OZ/ TAZAS,3
CB75,CORTADORA BOTON 75 M,8
CB32,CORTADORA BOTON 32M,8
CB58,CORTADORA BOTON 58 M,8
PMC38,PLOTTER MINI CRAFT 3800,3
MB75,MOLDE DE BOTONERA 75,8
MB32,MOLDE DE BOTON 32M,8
MB58,MOLDE BOTON 58 M,8
RB001,REMACHADORA DE BOTON (NO INCLUYE MOLDE),3
HP80100,PLANCHA DE TRASFERENCIA ESTACIÓN 80X100M INCLUYE PEDESTAL,3
MO06,MÁQUINA OJETERA MANUAL / INCLUYE DADO MOLDE #4,3
HPD120,PLANCHA DE DOBLE ESTACION TEXTIL 1.20X1.00,3
LB180300,LONA BANNER 300*500 1.80 X50M,5
LB150300,LONA BANNER 300*500 1.50MM,5
LBT102500,LONA BANNER 300*500 18*12 1.05 TRASLUCIDA,5
LB160300,LONA BANNER 300*500 1.60M LAMINADA,5
LB150500,LONA BANNER 500*500 1.50M LAMINADA,5
LB160500,LONA BANNER 500*500 1.60M LAMINADA,5
LB137300,LONA BANNER 300*500 1.37 MM LAMINADA,5
LB250300,LONA BANNER 300*500 2.50 METROS LAMINADA,5
LBT200500,LONA BANNER 300*500 2 METROS TRASLÚCIDA,5
LB302300,LONA BANNER 300*500 18 *12*3.20M,5
LB102500,LONA BANNER 300X500 1.02 X50M LAMINADA,5
PLDTFA3UV,PLÓTER DE IMPRESIÓN LOCOR DTF 30 CMS ALTA RESOLUCIÓN 2 CABEZALES,3
PLDTF70,PLÓTER DE IMPRESIÓN LOCOR DTF 60 MTS ALTA RESOLUCIÓN 2 CABEZAL,3
PL1818I32,PLOTER LOCOR EASY JET IMPRESORA I3200 ECOSOLVENTE / SUBLIMACION,3
PL18XP,PLOTER LOCOR EASY JET IMPRESORA XP600 ECOSOLVENTE / SUBLIMACION,3
ML16000,LAMINADORA ENFRIO 1.60M MANUAL INCLUYE PEDESTAL,3
