Código del Producto,Grupo de Productos,Unidad de Medida (UdM) predeterminada,Nombre del Producto,Deshabilitado,Mantener Stock,Permitir Ventas,Permitir Compra,Precio de venta estándar,Imagen,Unidad de Medida (UdM),Unidad de Medida de Compra Predeterminada,Unidad de Medida de Ventas Predeterminada,Almacén por defecto (Valores por Defecto del Artículo),Compañía (Valores por Defecto del Artículo)
000144,DOCTOR PRINT,Unit,METRO DE IMPRESION ECOSOLOVENTE EN VINIL MATE,0,1,1,1,6.12,,Unit,Unit,Unit,CASA MATRIZ - Imgraf,Importadora Grafica
000143,SERVICIO TÉCNICO,Unit,PINCH ROLLER,0,1,1,1,44.97,,Unit,Unit,Unit,CASA MATRIZ - Imgraf,Importadora Grafica
000142,ACCESORIOS,Unit,CUCHILLA NC01,0,1,1,1,23.00,,Unit,Unit,Unit,CASA MATRIZ - Imgraf,Importadora Grafica
000141,SUMINISTRO PARA ROTULACION,Unit,MÁQUINA OJETERA MANUAL / INCLUYE DADO MOLDE #6,0,1,1,1,95.00,,Unit,Unit,Unit,CASA MATRIZ - Imgraf,Importadora Grafica
000140,SERVICIO TÉCNICO,Unit,CABEZAL DX4,0,1,1,1,342.50,,Unit,Unit,Unit,CASA MATRIZ - Imgraf,Importadora Grafica
000139,SUMINISTROS DTF,Unit,FILM DTF UV 30X100M B,0,1,1,1,70.63,,Unit,Unit,Unit,CASA MATRIZ - Imgraf,Importadora Grafica
000138,SERVICIO TÉCNICO,Unit,BOMBA DE TINTA,0,1,1,1,30.00,,Unit,Unit,Unit,CASA MATRIZ - Imgraf,Importadora Grafica
000137,SERVICIO TÉCNICO,Unit,CONECTORES TIPO Y,0,1,1,1,5.00,,Unit,Unit,Unit,CASA MATRIZ - Imgraf,Importadora Grafica
000136,EQUIPOS Y MAQUINARIAS,Unit,PROMOCION DE OJETERA,0,1,1,1,95.00,,Unit,Unit,Unit,CASA MATRIZ - Imgraf,Importadora Grafica
000135,DOCTOR PRINT,Unit,ROLL UP DE 80X200 CON ARTE IMPRESO,0,1,1,1,27.86,,Unit,Unit,Unit,CASA MATRIZ - Imgraf,Importadora Grafica
000134,DOCTOR PRINT,Unit,CAMISA TERMINADA CON IMPRESION DTF,0,1,1,1,6.00,,Unit,Unit,Unit,CASA MATRIZ - Imgraf,Importadora Grafica
000133,DOCTOR PRINT,Unit,PLIEGO DE VINIL ADHESIVO DE 40X60 CM,0,1,1,1,2.80,,Unit,Unit,Unit,CASA MATRIZ - Imgraf,Importadora Grafica
000132,DOCTOR PRINT,Unit,PVC TAMAñO 0.65X50 CM,0,1,1,1,6.59,,Unit,Unit,Unit,CASA MATRIZ - Imgraf,Importadora Grafica
000131,DOCTOR PRINT,Unit,VINIL DE 80X60 CM PEGADOS SOBRE PVC DE 5 MM,0,1,1,1,15.73,,Unit,Unit,Unit,CASA MATRIZ - Imgraf,Importadora Grafica
000130,DOCTOR PRINT,Unit,VINIL DE 0.25 X 20 CM PEGADO SOBRE PVC DE 5 MM,0,1,1,1,4.27,,Unit,Unit,Unit,CASA MATRIZ - Imgraf,Importadora Grafica
000129,SERVICIO TÉCNICO,Unit,FUENTE DE 36 VOLTIOS,0,1,1,1,73.45,,Unit,Unit,Unit,CASA MATRIZ - Imgraf,Importadora Grafica
000128,VINILES ESPECIALES,Unit,VINYL ADHESIVO TRANSPARENTE 80 MICRAS 1.37 50 M YARDAS,0,1,1,1,4.00,,Unit,Unit,Unit,CASA MATRIZ - Imgraf,Importadora Grafica
000127,EQUIPOS Y MAQUINARIAS,Unit,MÁQUINA OJETERA MANUAL / INCLUYE DADO MOLDE #5,0,1,1,1,101.70,,Unit,Unit,Unit,CASA MATRIZ - Imgraf,Importadora Grafica
000126,SUMINISTRO PARA SUBLIMACION,Unit,TAZAS BLANCAS AAA / CAJA 48 PCS,0,1,1,1,29.99,,Unit,Unit,Unit,CASA MATRIZ - Imgraf,Importadora Grafica
000125,VINILES ESPECIALES,Yard,VINIL DE CORTE CELESTE YARDA,0,1,1,1,1.00,,Yard,Yard,Yard,CASA MATRIZ - Imgraf,Importadora Grafica
000124,SERVICIO TÉCNICO,Unit,MANIFULL PARA DX5,0,1,1,1,150.00,,Unit,Unit,Unit,CASA MATRIZ - Imgraf,Importadora Grafica
000123,SERVICIO TÉCNICO,Unit,SINCHAS FLEX PARA CABEZAL DX5,0,1,1,1,15.00,,Unit,Unit,Unit,CASA MATRIZ - Imgraf,Importadora Grafica
000122,SERVICIO TÉCNICO,Unit,CABEZA Y CAPING PARA DX5,0,1,1,1,1725.00,,Unit,Unit,Unit,CASA MATRIZ - Imgraf,Importadora Grafica
000121,SUMINISTRO PARA ROTULACION,Unit,SENSOR OPTICO,0,1,1,1,154.87,,Unit,Unit,Unit,CASA MATRIZ - Imgraf,Importadora Grafica
000120,VINILES ESPECIALES,Yard,VINIL METALIZADO AQUA YARDA,0,1,1,1,6.86,,Yard,Yard,Yard,CASA MATRIZ - Imgraf,Importadora Grafica
000119,SUMINISTRO PARA SUBLIMACION,Unit,RESISTENCIA PARA TAZAS 11OZ,0,1,1,1,58.00,,Unit,Unit,Unit,CASA MATRIZ - Imgraf,Importadora Grafica
000118,EQUIPOS Y MAQUINARIAS,Unit,PLOTTER DE CORTE 150CM INCLUYE CAMARA SENSOR DE CORTE MAX FUERZA ARRASTRE 1000G,0,1,1,1,1309.99,,Unit,Unit,Unit,CASA MATRIZ - Imgraf,Importadora Grafica
000117,EQUIPOS Y MAQUINARIAS,Unit,PLOTTER DE CORTE 127 CM INCLUYE CAMARA SNESOR DE CORTE MAX FERZA ARRASTRE 1000G,0,1,1,1,1065.60,,Unit,Unit,Unit,CASA MATRIZ - Imgraf,Importadora Grafica
000116,DISPLAY POP Y EVENTOS,Unit,BANDEROLA PORTáTIL CON MOCHILA INCLUIDA,0,1,1,1,24.30,,Unit,Unit,Unit,CASA MATRIZ - Imgraf,Importadora Grafica
000115,DOCTOR PRINT,Unit,SERVICIO DE PLANCHADO EN PRENDA,0,1,1,1,0.50,,Unit,Unit,Unit,CASA MATRIZ - Imgraf,Importadora Grafica
000114,DOCTOR PRINT,Unit,BANNER 2X0.50 CON IMPRESION FULL COLOR,0,1,1,1,4.99,,Unit,Unit,Unit,CASA MATRIZ - Imgraf,Importadora Grafica
000113,DOCTOR PRINT,Unit,BANER 1X1 CON IMPRESION FULL COLOR,0,1,1,1,4.99,,Unit,Unit,Unit,CASA MATRIZ - Imgraf,Importadora Grafica
000112,DOCTOR PRINT,Unit,X BANNER 80X1.80 IMPRESOS FULL COLOR,0,1,1,1,7.74,,Unit,Unit,Unit,CASA MATRIZ - Imgraf,Importadora Grafica
000111,DOCTOR PRINT,Unit,IMPRESION DTF METRO,0,1,1,1,5.40,,Unit,Unit,Unit,CASA MATRIZ - Imgraf,Importadora Grafica
000110,DOCTOR PRINT,Unit,IMPRESION DTF MEDIO METRO,0,1,1,1,2.70,,Unit,Unit,Unit,CASA MATRIZ - Imgraf,Importadora Grafica
000109,DOCTOR PRINT,Unit,IMPRESION DTF TAMAÑO TABLOIDE,0,1,1,1,2.30,,Unit,Unit,Unit,CASA MATRIZ - Imgraf,Importadora Grafica
000108,DOCTOR PRINT,Unit,IMPRESION DTF TAMAÑO CARTA,0,1,1,1,1.50,,Unit,Unit,Unit,CASA MATRIZ - Imgraf,Importadora Grafica
000107,SUMINISTRO PARA ROTULACION,Unit,ONE WAY VISION 1.37 M MICROPERFORADO YARDAS,0,1,1,1,3.54,,Unit,Unit,Unit,CASA MATRIZ - Imgraf,Importadora Grafica
000106,SERVICIO TÉCNICO,Unit,MAIN BOARD,0,1,1,1,250.00,,Unit,Unit,Unit,CASA MATRIZ - Imgraf,Importadora Grafica
000105,SERVICIO TÉCNICO,Unit,BULL SISTEM,0,1,1,1,309.73,,Unit,Unit,Unit,CASA MATRIZ - Imgraf,Importadora Grafica
000104,SERVICIO TÉCNICO,Unit,CAPING,0,1,1,1,45.00,,Unit,Unit,Unit,CASA MATRIZ - Imgraf,Importadora Grafica
000103,VINILES ESPECIALES,Unit,VINYL ADHESIVO TRANSPARENTE 80 MICRAS 1.37 50 M,0,1,1,1,,,Unit,Unit,Unit,CASA MATRIZ - Imgraf,Importadora Grafica
000102,EQUIPOS Y MAQUINARIAS,Unit,IMPRESOR EPSON L1250,0,1,1,1,,,Unit,Unit,Unit,CASA MATRIZ - Imgraf,Importadora Grafica
000101,SERVICIO TÉCNICO,Unit,RELAY DE ESTADO SOLIDO,0,1,1,1,65.00,,Unit,Unit,Unit,CASA MATRIZ - Imgraf,Importadora Grafica
000100,SUMINISTRO PARA ROTULACION,Unit,VINYL ADHESIVO GLOSSY 1.06*50MM 100 MIC IMAX ADHESIVE,0,1,1,1,59.89,,Unit,Unit,Unit,CASA MATRIZ - Imgraf,Importadora Grafica
000099,VINILES ESPECIALES,Yard,VINIL MAGNETICO YARDA,0,1,1,1,13.99,,Yard,Yard,Yard,CASA MATRIZ - Imgraf,Importadora Grafica
000098,ACCESORIOS,Unit,DADO 6,0,1,1,1,23.01,,Unit,Unit,Unit,CASA MATRIZ - Imgraf,Importadora Grafica
000097,ACCESORIOS,Unit,DADO 5,0,1,1,1,23.01,,Unit,Unit,Unit,CASA MATRIZ - Imgraf,Importadora Grafica
000096,LÁMINAS RIGIDAD,Unit,ACRILICO TRANSPARENTE 10MM,0,1,1,1,151.46,,Unit,Unit,Unit,CASA MATRIZ - Imgraf,Importadora Grafica
000095,LÁMINAS RIGIDAD,Unit,ACRILICO TRANSPARENTE 5MM,0,1,1,1,85.36,,Unit,Unit,Unit,CASA MATRIZ - Imgraf,Importadora Grafica
000094,LÁMINAS RIGIDAD,Unit,ACRILICO TRANSPARENTE 3MM,0,1,1,1,62.78,,Unit,Unit,Unit,CASA MATRIZ - Imgraf,Importadora Grafica
000093,EQUIPOS Y MAQUINARIAS,Unit,PLANCHA COMBO 8 EN 1,0,1,1,1,,,Unit,Unit,Unit,CASA MATRIZ - Imgraf,Importadora Grafica
000092,EQUIPOS Y MAQUINARIAS,Unit,PLANCHA COMBO 10 EN 1,0,1,1,1,,,Unit,Unit,Unit,CASA MATRIZ - Imgraf,Importadora Grafica
000091,SERVICIO TÉCNICO,Unit,MOTOR Y CABLES,0,1,1,1,125.00,,Unit,Unit,Unit,CASA MATRIZ - Imgraf,Importadora Grafica
000090,SERVICIO TÉCNICO,Unit,CINCHA LARGA DE DATOS PARA PLOTTER DE 1.60,0,1,1,1,90.00,,Unit,Unit,Unit,CASA MATRIZ - Imgraf,Importadora Grafica
000089,SERVICIO TÉCNICO,Unit,CABEZAL XP600,0,1,1,1,323.01,,Unit,Unit,Unit,CASA MATRIZ - Imgraf,Importadora Grafica
000088,SERVICIO TÉCNICO,Unit,METRO DE TUBERIA DE 6 LINEAS,0,1,1,1,18.00,,Unit,Unit,Unit,CASA MATRIZ - Imgraf,Importadora Grafica
000087,SERVICIO TÉCNICO,Unit,BOMBA DE TINTA,0,1,1,1,45.00,,Unit,Unit,Unit,CASA MATRIZ - Imgraf,Importadora Grafica
000086,SERVICIO TÉCNICO,Unit,CINCHA DE CABEZAL A LA HEAD BOARD,0,1,1,1,30.00,,Unit,Unit,Unit,CASA MATRIZ - Imgraf,Importadora Grafica
000085,SERVICIO TÉCNICO,Unit,DAMPER,0,1,1,1,15.00,,Unit,Unit,Unit,CASA MATRIZ - Imgraf,Importadora Grafica
000084,SERVICIO TÉCNICO,Unit,HEAD BOARD,0,1,1,1,385.00,,Unit,Unit,Unit,CASA MATRIZ - Imgraf,Importadora Grafica
000083,VINILES ESPECIALES,Unit,VINYL DE CORTE FUXIA,0,1,1,1,1.33,,Unit,Unit,Unit,CASA MATRIZ - Imgraf,Importadora Grafica
000082,VINILES ESPECIALES,Unit,VINYL DE CORTE CELESTE,0,1,1,1,1.33,,Unit,Unit,Unit,CASA MATRIZ - Imgraf,Importadora Grafica
000081,VINILES ESPECIALES,Unit,VINYL DE CORTE BLANCO,0,1,1,1,1.33,,Unit,Unit,Unit,CASA MATRIZ - Imgraf,Importadora Grafica
000080,VINILES ESPECIALES,Unit,VINYL DE CORTE AZUL,0,1,1,1,1.33,,Unit,Unit,Unit,CASA MATRIZ - Imgraf,Importadora Grafica
000079,VINILES ESPECIALES,Unit,VINYL DE CORTE AMARILLO,0,1,1,1,1.33,,Unit,Unit,Unit,CASA MATRIZ - Imgraf,Importadora Grafica
000078,VINILES ESPECIALES,Unit,VINYL DECORTE ROSADO NEON,0,1,1,1,1.33,,Unit,Unit,Unit,CASA MATRIZ - Imgraf,Importadora Grafica
000077,VINILES ESPECIALES,Unit,VINYL DE TEXTIL NARANJA NEON YARDAS,0,1,1,1,1.33,,Unit,Unit,Unit,CASA MATRIZ - Imgraf,Importadora Grafica
000076,VINILES ESPECIALES,Unit,VINYL DE PIZZARA WHITE BOARD FIM 1.20 X 50 M YARDAS,0,1,1,1,1.33,,Unit,Unit,Unit,CASA MATRIZ - Imgraf,Importadora Grafica
000075,VINILES ESPECIALES,Unit,VINYLDE CORE BLANCO YARDAS,0,1,1,1,1.33,,Unit,Unit,Unit,CASA MATRIZ - Imgraf,Importadora Grafica
000074,VINILES ESPECIALES,Unit,VINYL DE CORTE VERDE OSCURO YARDAS,0,1,1,1,1.33,,Unit,Unit,Unit,CASA MATRIZ - Imgraf,Importadora Grafica
000073,VINILES ESPECIALES,Unit,VINYL DE CORTE VERDE CLARO YARDAS,0,1,1,1,1.33,,Unit,Unit,Unit,CASA MATRIZ - Imgraf,Importadora Grafica
000072,VINILES ESPECIALES,Unit,VINYL DE CORTE ROSADO YARDAS,0,1,1,1,1.33,,Unit,Unit,Unit,CASA MATRIZ - Imgraf,Importadora Grafica
000071,VINILES ESPECIALES,Unit,VINYL DE CORTE OCRE YARDAS,0,1,1,1,1.33,,Unit,Unit,Unit,CASA MATRIZ - Imgraf,Importadora Grafica
000070,VINILES ESPECIALES,Unit,VINYL DE CORTE OCRE YARDAS,0,1,1,1,1.33,,Unit,Unit,Unit,CASA MATRIZ - Imgraf,Importadora Grafica
000069,VINILES ESPECIALES,Yard,VINYL DE CORTE NEGRO YARDA,0,1,1,1,1.33,,Yard,Yard,Yard,CASA MATRIZ - Imgraf,Importadora Grafica
000068,VINILES ESPECIALES,Unit,VINYL DE CORTE NEGRO,0,1,1,1,1.33,,Unit,Unit,Unit,CASA MATRIZ - Imgraf,Importadora Grafica
000067,VINILES TEXTILES,Unit,VINYL DE CORTE GRIS,0,1,1,1,1.33,,Unit,Unit,Unit,CASA MATRIZ - Imgraf,Importadora Grafica
000066,VINILES ESPECIALES,Unit,VINYL DE CORTE FUXIA,0,1,1,1,1.33,,Unit,Unit,Unit,CASA MATRIZ - Imgraf,Importadora Grafica
000065,VINILES ESPECIALES,Unit,VINYL DE CORTE AQUA,0,1,1,1,1.33,,Unit,Unit,Unit,CASA MATRIZ - Imgraf,Importadora Grafica
000064,VINILES TEXTILES,Unit,VINYL FIBRA DE CARBON FILM 5D AZUL1.52*30M YARDAS,0,1,1,1,13.75,,Unit,Unit,Unit,CASA MATRIZ - Imgraf,Importadora Grafica
000063,VINILES TEXTILES,Unit,VINYL FIBRA DE CARBON FILM 5D DORADO1.52*30M YARDAS,0,1,1,1,7.81,,Unit,Unit,Unit,CASA MATRIZ - Imgraf,Importadora Grafica
000062,VINILES TEXTILES,Unit,VINYL FIBRA DE CARBON FILM 5D GRIS 1.52*30M YARDAS,0,1,1,1,7.81,,Unit,Unit,Unit,CASA MATRIZ - Imgraf,Importadora Grafica
000061,VINILES TEXTILES,Yard,VINYL FIBRA DE CARBON FILM 5D BLACK 1.52*30M YARDA,0,1,1,1,7.65,,Yard,Yard,Yard,CASA MATRIZ - Imgraf,Importadora Grafica
000060,VINILES TEXTILES,Unit,VINYL TEXTILMETALIZADO VERDE OSCURO,0,1,1,1,7.81,,Unit,Unit,Unit,CASA MATRIZ - Imgraf,Importadora Grafica
000059,VINILES TEXTILES,Unit,VINYL TEXTIL VERDE OSCURO,0,1,1,1,7.81,,Unit,Unit,Unit,CASA MATRIZ - Imgraf,Importadora Grafica
000058,VINILES TEXTILES,Unit,VINYL TEXTIL VERDE NEON,0,1,1,1,7.81,,Unit,Unit,Unit,CASA MATRIZ - Imgraf,Importadora Grafica
000057,VINILES TEXTILES,Unit,VINYL TEXTIL ROSADO NEON YARDAS,0,1,1,1,7.81,,Unit,Unit,Unit,CASA MATRIZ - Imgraf,Importadora Grafica
000056,VINILES TEXTILES,Unit,VINYL TEXTIL ROJO YARDAS,0,1,1,1,7.81,,Unit,Unit,Unit,CASA MATRIZ - Imgraf,Importadora Grafica
000055,VINILES TEXTILES,Unit,VINYL TEXTIL NEGRO YARDAS,0,1,1,1,7.81,,Unit,Unit,Unit,CASA MATRIZ - Imgraf,Importadora Grafica
000054,VINILES TEXTILES,Unit,VINYL TEXTIL NARANAJA YARDAS,0,1,1,1,7.81,,Unit,Unit,Unit,CASA MATRIZ - Imgraf,Importadora Grafica
000053,VINILES TEXTILES,Unit,VINYL TEXTIL METALIZADO ROJO YARDAS,0,1,1,1,7.81,,Unit,Unit,Unit,CASA MATRIZ - Imgraf,Importadora Grafica
000052,VINILES TEXTILES,Unit,VINYL TEXTIL METALIZADO NARANJA YARDAS,0,1,1,1,8.36,,Unit,Unit,Unit,CASA MATRIZ - Imgraf,Importadora Grafica
000051,VINILES TEXTILES,Unit,VINYL TEXTIL METALIZADO MORADO YARDAS,0,1,1,1,7.81,,Unit,Unit,Unit,CASA MATRIZ - Imgraf,Importadora Grafica
000050,VINILES TEXTILES,Unit,VINYL TEXTIL METALIZADO ACUA YARDAS,0,1,1,1,7.81,,Unit,Unit,Unit,CASA MATRIZ - Imgraf,Importadora Grafica
000049,VINILES TEXTILES,Unit,VINYL TEXTIL GRIS YARDAS,0,1,1,1,7.81,,Unit,Unit,Unit,CASA MATRIZ - Imgraf,Importadora Grafica
000048,VINILES TEXTILES,Unit,VINYL TEXTIL DORADO YARDAS,0,1,1,1,7.48,,Unit,Unit,Unit,CASA MATRIZ - Imgraf,Importadora Grafica
000047,VINILES TEXTILES,Unit,VINYL TEXTIL AZUL YARDAS,0,1,1,1,7.81,,Unit,Unit,Unit,CASA MATRIZ - Imgraf,Importadora Grafica
000046,VINILES TEXTILES,Unit,VINYL TEXTIL AMARILLO NEON,0,1,1,1,8.36,,Unit,Unit,Unit,CASA MATRIZ - Imgraf,Importadora Grafica
000045,VINILES TEXTILES,Unit,VINYL TEXTIL AMARILLO NEON,0,1,1,1,7.48,,Unit,Unit,Unit,CASA MATRIZ - Imgraf,Importadora Grafica
000044,VINILES TEXTILES,Unit,VINYL TEXTIL AMARILLO MOSTASA YARDAS,0,1,1,1,7.49,,Unit,Unit,Unit,CASA MATRIZ - Imgraf,Importadora Grafica
000043,SUMINISTRO PARA ROTULACION,Unit,VINYL 1.37METROS 100 MICRAS IMAX ADHESIVE,0,1,1,1,76.56,,Unit,Unit,Unit,CASA MATRIZ - Imgraf,Importadora Grafica
LB137300T,SUMINISTRO PARA ROTULACION,Unit,LONA BANNER 300*500 18*12 1.37 TRASLUCIDA,0,1,1,1,70.80,,Unit,Unit,Unit,CASA MATRIZ - Imgraf,Importadora Grafica
000042,ACCESORIOS,Unit,COSTO POR ENVIO,0,0,0,0,3.00,,Unit,Unit,Unit,CASA MATRIZ - Imgraf,Importadora Grafica
000041,SERVICIO TÉCNICO,Unit,SERVICIO TECNICO,0,0,0,0,73.45,,Unit,Unit,Unit,CASA MATRIZ - Imgraf,Importadora Grafica
000040,ACCESORIOS,Unit,COSTO DE ENVIO,0,0,0,0,5.00,,Unit,Unit,Unit,CASA MATRIZ - Imgraf,Importadora Grafica
000039,SUMINISTROS DTF,Unit,PAPEL TISSUE 1.70 PARA CALANDRA SUBLIMACION,0,1,1,1,195.26,,Unit,Unit,Unit,CASA MATRIZ - Imgraf,Importadora Grafica
000038,SUMINISTRO PARA SUBLIMACION,Unit,TUMBLER WITH LID 20 ONZ (VASO CON PAJILLA SUBLIMABLE),0,1,1,1,10.11,,Unit,Unit,Unit,CASA MATRIZ - Imgraf,Importadora Grafica
000037,TINTAS,Unit,TINTA SUBLIMACION FLORECENTE MAGENTA 1 LITRO INK,0,1,1,1,,,Unit,Unit,Unit,CASA MATRIZ - Imgraf,Importadora Grafica
000036,TINTAS,Unit,TINTA SUBLIMACION FLORECENTE AMARILLA 1 LITRO INK,0,1,1,1,,,Unit,Unit,Unit,CASA MATRIZ - Imgraf,Importadora Grafica
000035,VINILES ESPECIALES,Unit,VYNYL ADHESIVO TRANSPARENTE 80MICRAS/1.37X50M,0,1,1,1,,,Unit,Unit,Unit,CASA MATRIZ - Imgraf,Importadora Grafica
000034,VINILES ESPECIALES,Unit,VYNYL ADHESIVO TRANSPARENTE 80MICRAS/1.06X50M,0,1,1,1,,,Unit,Unit,Unit,CASA MATRIZ - Imgraf,Importadora Grafica
000033,SUMINISTRO PARA ROTULACION,Unit,VYNYL ADHESIVO GLOSSY 100MICRAS/1.37X50M,0,1,1,1,,,Unit,Unit,Unit,CASA MATRIZ - Imgraf,Importadora Grafica
000032,SUMINISTRO PARA SUBLIMACION,Unit,TAZAS FONDO NARANJA,0,1,1,1,,,Unit,Unit,Unit,CASA MATRIZ - Imgraf,Importadora Grafica
000031,SUMINISTRO PARA SUBLIMACION,Unit,LLAVERO METALICO RECTANGULAR BORDE CIRCULAR,0,1,1,1,,,Unit,Unit,Unit,CASA MATRIZ - Imgraf,Importadora Grafica
JN16,SUMINISTRO PARA SUBLIMACION,Unit,JARRAS NEVADAS 16 OZ SUBLIMACION,0,1,1,1,,,Unit,Unit,Unit,CASA MATRIZ - Imgraf,Importadora Grafica
000030,SUMINISTRO PARA SUBLIMACION,Unit,COLA BOTTLE TERMO BLANCO 500ML,0,1,1,1,,,Unit,Unit,Unit,CASA MATRIZ - Imgraf,Importadora Grafica
000029,SUMINISTRO PARA SUBLIMACION,Unit,COLA BOTTLE TERMO AQUA 500ML,0,1,1,1,,,Unit,Unit,Unit,CASA MATRIZ - Imgraf,Importadora Grafica
000028,TINTAS,Unit,SOLVENTE FLUSH DTF UV BOTELLA NEGRA,0,1,1,1,,,Unit,Unit,Unit,CASA MATRIZ - Imgraf,Importadora Grafica
000027,TINTAS,Unit,SOLVENTE FLUSH SUBLIMACION,0,1,1,1,,,Unit,Unit,Unit,CASA MATRIZ - Imgraf,Importadora Grafica
000026,TINTAS,Unit,SOLVENTE ECO CLEAN SOLUTION 1 LITRO,0,1,1,1,,,Unit,Unit,Unit,CASA MATRIZ - Imgraf,Importadora Grafica
000025,SUMINISTRO PARA SUBLIMACION,Unit,LLAVERO METALICO CUADRADO SUBLIMABLE,0,1,1,1,,,Unit,Unit,Unit,CASA MATRIZ - Imgraf,Importadora Grafica
000024,SUMINISTRO PARA SUBLIMACION,Unit,LLAVERO DE MADERA FORMA SHAPE,0,1,1,1,,,Unit,Unit,Unit,CASA MATRIZ - Imgraf,Importadora Grafica
000023,SUMINISTRO PARA SUBLIMACION,Unit,LLAVERO DE MADERA FORMA CIRCULAR,0,1,1,1,,,Unit,Unit,Unit,CASA MATRIZ - Imgraf,Importadora Grafica
000022,SUMINISTRO PARA SUBLIMACION,Unit,LLAVERO DE MADERA FORMA OVAL,0,1,1,1,,,Unit,Unit,Unit,CASA MATRIZ - Imgraf,Importadora Grafica
000021,SUMINISTRO PARA SUBLIMACION,Unit,LLAVERO DE MADERA FORMA ARROW,0,1,1,1,,,Unit,Unit,Unit,CASA MATRIZ - Imgraf,Importadora Grafica
000020,SUMINISTRO PARA SUBLIMACION,Unit,LLAVERO DE MADERA FORMA HEXAGONAL,0,1,1,1,,,Unit,Unit,Unit,CASA MATRIZ - Imgraf,Importadora Grafica
000019,LAMINADORES,Unit,LAMINADOR UV 80 MIC 1.52 X50M,0,1,1,1,84.30,,Unit,Unit,Unit,CASA MATRIZ - Imgraf,Importadora Grafica
000018,LAMINADORES,Unit,LAMINADOR UV 80 MIC 1.37 X50M,0,1,1,1,75.98,,Unit,Unit,Unit,CASA MATRIZ - Imgraf,Importadora Grafica
000017,LAMINADORES,Unit,LAMINADOR UV 80 MIC 1.06 X50M,0,1,1,1,56.13,,Unit,Unit,Unit,CASA MATRIZ - Imgraf,Importadora Grafica
000016,SUMINISTROS DTF,Yard,GRAFICO DE PISO 1.52X50M 180MICRON/110GRS FLOOR FILM YARDS,0,1,1,1,,,Yard,Yard,Yard,CASA MATRIZ - Imgraf,Importadora Grafica
000015,SUMINISTROS DTF,Unit,FILM DTF UV 60X100 AB,0,1,1,1,265.54,,Unit,Unit,Unit,CASA MATRIZ - Imgraf,Importadora Grafica
000014,ACCESORIOS,Unit,MOLDE BOTON 37 MM,0,1,1,1,,image/art_MOLDEDEBOTON.png,Unit,Unit,Unit,CASA MATRIZ - Imgraf,Importadora Grafica
000013,VINILES TEXTILES,Unit,VINIL TEXTIL RED ROLLO,0,1,1,1,,image/art_VINILTEXTIL.png,Unit,Unit,Unit,CASA MATRIZ - Imgraf,Importadora Grafica
000012,VINILES TEXTILES,Unit,VINIL TEXTIL NEON PINK ROLLO,0,1,1,1,,image/art_VINILTEXTIL.png,Unit,Unit,Unit,CASA MATRIZ - Imgraf,Importadora Grafica
000011,VINILES TEXTILES,Unit,VINIL TEXTIL NAVY BLUE ROLLO,0,1,1,1,,image/art_VINILTEXTIL.png,Unit,Unit,Unit,CASA MATRIZ - Imgraf,Importadora Grafica
000010,VINILES TEXTILES,Unit,VINIL TEXTIL LEMON YELLOW ROLLO,0,1,1,1,,image/art_VINILTEXTIL.png,Unit,Unit,Unit,CASA MATRIZ - Imgraf,Importadora Grafica
000009,VINILES TEXTILES,Unit,VINIL TEXTIL KELLY GREEN ROLLO,0,1,1,1,,image/art_VINILTEXTIL.png,Unit,Unit,Unit,CASA MATRIZ - Imgraf,Importadora Grafica
000008,VINILES TEXTILES,Unit,VINIL TEXTIL NEON ORANGE ROLLO,0,1,1,1,,image/art_VINILTEXTIL.png,Unit,Unit,Unit,CASA MATRIZ - Imgraf,Importadora Grafica
000007,VINILES TEXTILES,Unit,VINIL TEXTIL NEON YELLOW ROLLO,0,1,1,1,,image/art_VINILTEXTIL.png,Unit,Unit,Unit,CASA MATRIZ - Imgraf,Importadora Grafica
000006,VINILES TEXTILES,Unit,VINIL TEXTIL GOLDEN ROLLO,0,1,1,1,,image/art_VINILTEXTIL.png,Unit,Unit,Unit,CASA MATRIZ - Imgraf,Importadora Grafica
000005,VINILES TEXTILES,Unit,VINIL TEXTIL SILVER ROLLO,0,1,1,1,,image/art_VINILTEXTIL.png,Unit,Unit,Unit,CASA MATRIZ - Imgraf,Importadora Grafica
000004,VINILES TEXTILES,Unit,VINIL TEXTIL NEON GREEN ROLLO,0,1,1,1,,image/art_VINILTEXTIL.png,Unit,Unit,Unit,CASA MATRIZ - Imgraf,Importadora Grafica
000003,VINILES ESPECIALES,Yard,VINYL DE CORTE 60CM *45.7 M GRIS OSCURO YARDA,0,1,1,1,1.33,image/art_VINILTEXTIL.png,Yard,Yard,Yard,CASA MATRIZ - Imgraf,Importadora Grafica
000002,VINILES ESPECIALES,Unit,VINYL DE CORTE 60CM *45.7 M AZUL CLARO,0,1,1,1,,image/art_VINILTEXTIL.png,Unit,Unit,Unit,CASA MATRIZ - Imgraf,Importadora Grafica
000001,EQUIPOS Y MAQUINARIAS,Unit,CONTROL BOX,0,1,1,1,,,Unit,Unit,Unit,CASA MATRIZ - Imgraf,Importadora Grafica
VC60CA,SUMINISTRO PARA ROTULACION,Unit,VINYL DE CORTE 60 CM*45.7 M AQUA,0,1,1,1,54.63,image/art_VINILCORTE1.png,Unit,Unit,Unit,CASA MATRIZ - Imgraf,Importadora Grafica
TSR11,SUMINISTRO PARA SUBLIMACION,Unit,TAZAS 11ONZ SUBLIMACION FONDO ROJO,0,1,1,1,1.37,image/art_TAZAFONDODECOLOR.png,Unit,Unit,Unit,CASA MATRIZ - Imgraf,Importadora Grafica
TBS7501,SUMINISTRO PARA SUBLIMACION,Unit,TERMO BLANCO SPORT BOOTLE 750ML,0,1,1,1,3.67,image/art_TERMOBLANCOSPORT.png,Unit,Unit,Unit,CASA MATRIZ - Imgraf,Importadora Grafica
VC60P1,SUMINISTRO PARA ROTULACION,Unit,VINYL DE CORTE 60 CM*45.7 M ROSADO VIEJA,0,1,1,1,54.63,image/art_VINILCORTE1.png,Unit,Unit,Unit,CASA MATRIZ - Imgraf,Importadora Grafica
VC60C1,SUMINISTRO PARA ROTULACION,Unit,VINYL DE CORTE 60 CM*45.7 M AQUA,0,1,1,1,54.63,image/art_VINILCORTE1.png,Unit,Unit,Unit,CASA MATRIZ - Imgraf,Importadora Grafica
GSA1A,SUMINISTRO PARA SUBLIMACION,Unit,GORRAS AMARILLA,0,1,1,1,1.00,image/art_GORRAS.png,Unit,Unit,Unit,CASA MATRIZ - Imgraf,Importadora Grafica
TDUB11,TINTAS,Unit,TINTA UV VANISH. 1 LITRO INK,0,1,1,1,47.90,,Unit,Unit,Unit,CASA MATRIZ - Imgraf,Importadora Grafica
TDW12,TINTAS,Unit,TINTA DTF BLANCA SUBLIMACION 1 LITRO UV INK,0,1,1,1,36.90,image/art_TINTADTF.png,Unit,Unit,Unit,CASA MATRIZ - Imgraf,Importadora Grafica
JN145,SUMINISTRO PARA SUBLIMACION,Unit,JARRAS NEVADAS 14 OZ SUBLIMACION,0,1,1,1,4.00,image/art_JARRANEVADA.png,Unit,Unit,Unit,CASA MATRIZ - Imgraf,Importadora Grafica
TSR12,SUMINISTRO PARA SUBLIMACION,Unit,TAZAS 11ONZ SUBLIMACION FONDO ROJO,0,1,1,1,1.65,image/art_TAZAFONDODECOLOR.png,Unit,Unit,Unit,CASA MATRIZ - Imgraf,Importadora Grafica
MB751,ACCESORIOS,Unit,MOLDE DE BOTON 75 M,0,1,1,1,155.00,image/art_MOLDE75M.jfif,Unit,Unit,Unit,CASA MATRIZ - Imgraf,Importadora Grafica
LB1025001,SUMINISTRO PARA ROTULACION,Unit,LONA BANNER DE 500*500 1.02,0,1,1,1,48.70,image/art_LONA.png,Unit,Unit,Unit,CASA MATRIZ - Imgraf,Importadora Grafica
A32035,ACCESORIOS,Unit,SQUEESE DE FELPA,0,1,1,1,2.35,image/art_SQUEESEDEFELPA.jpeg,Unit,Unit,Unit,CASA MATRIZ - Imgraf,Importadora Grafica
A32034,EQUIPOS Y MAQUINARIAS,Unit,BOTONERA,0,1,1,1,,image/art_BOTONERA.png,Unit,Unit,Unit,CASA MATRIZ - Imgraf,Importadora Grafica
A32033,EQUIPOS Y MAQUINARIAS,Unit,A3 XP 600 DTF,0,1,1,1,,,Unit,Unit,Unit,CASA MATRIZ - Imgraf,Importadora Grafica
A32032,ACCESORIOS,Unit,PULSERA VERDE NEON,0,1,1,1,,,Unit,Unit,Unit,CASA MATRIZ - Imgraf,Importadora Grafica
A32031,ACCESORIOS,Unit,PULSERA RASADA,0,1,1,1,,,Unit,Unit,Unit,CASA MATRIZ - Imgraf,Importadora Grafica
A32030,ACCESORIOS,Unit,PULSERA ANARANJADA,0,1,1,1,,,Unit,Unit,Unit,CASA MATRIZ - Imgraf,Importadora Grafica
A32029,ACCESORIOS,Unit,PULSERA ROJA,0,1,1,1,,,Unit,Unit,Unit,CASA MATRIZ - Imgraf,Importadora Grafica
A32028,ACCESORIOS,Unit,BROCHES,0,1,1,1,,,Unit,Unit,Unit,CASA MATRIZ - Imgraf,Importadora Grafica
A32027,EQUIPOS Y MAQUINARIAS,Unit,A3 POWEDER,0,1,1,1,,image/art_A.jpg,Unit,Unit,Unit,CASA MATRIZ - Imgraf,Importadora Grafica
A32026,EQUIPOS Y MAQUINARIAS,Unit,A3 UV DTF,0,1,1,1,,image/art_A3SUBLIMAR.png,Unit,Unit,Unit,CASA MATRIZ - Imgraf,Importadora Grafica
CAMISAXL2026,SUMINISTRO PARA SUBLIMACION,Unit,CAMISA NIÑO POLICOTTON XL,0,1,1,1,,image/art_CAMISAPOLICOTONNIÑO.png,Unit,Unit,Unit,CASA MATRIZ - Imgraf,Importadora Grafica
CAMISAPOLY2026,SUMINISTRO PARA SUBLIMACION,Unit,CAMISA ADULTO POLYCOTTON S,0,1,1,1,3.50,image/art_CAMISAPOLICOTON.png,Unit,Unit,Unit,CASA MATRIZ - Imgraf,Importadora Grafica
PPL60X80,DISPLAY POP Y EVENTOS,Unit,PIZARRA LED PARED,0,1,1,1,55.00,image/art_PIZARRALEDPARED.jpg,Unit,Unit,Unit,CASA MATRIZ - Imgraf,Importadora Grafica
PL60X80P,DISPLAY POP Y EVENTOS,Unit,PIZARRA LED 60X80 PEDESTAL,0,1,1,1,55.00,image/art_PIZARRALED.png,Unit,Unit,Unit,CASA MATRIZ - Imgraf,Importadora Grafica
PS11090,PEPELES Y TRANSFERS,Unit,PAPEL PARA SUBLIMAR ROLLO 1.10M 90 GRAMOS,0,1,1,1,30.94,image/art_ROLLOSUBLIMAR.png,Unit,Unit,Unit,CASA MATRIZ - Imgraf,Importadora Grafica
PS11075,PEPELES Y TRANSFERS,Unit,PAPEL PARA SUBLIMAR 1.10M 75 GRAMOS,0,1,1,1,37.94,image/art_ROLLOSUBLIMAR.png,Unit,Unit,Unit,CASA MATRIZ - Imgraf,Importadora Grafica
CAMISA2026,SUMINISTRO PARA SUBLIMACION,Unit,CAMISA RANGLAN AZUL M,0,1,1,1,2.50,image/art_CAMISARANGLANAZUÑ.png,Unit,Unit,Unit,CASA MATRIZ - Imgraf,Importadora Grafica
LAPI2026,SUMINISTRO PARA SUBLIMACION,Unit,LAPICERO DE PLASTICO ANARANJADO,0,1,1,1,0.38,image/art_LAPICEROS.png,Unit,Unit,Unit,CASA MATRIZ - Imgraf,Importadora Grafica
SQP05V,ACCESORIOS,Unit,SQUEESE PLASTICO VERDE (PALETA PARA PEGAR VINIL ),0,1,1,1,1.50,,Unit,Unit,Unit,CASA MATRIZ - Imgraf,Importadora Grafica
SQP04D,ACCESORIOS,Unit,SQUEESE PLASTICO DORADO (PALETA PARA PEGAR VINIL ),0,1,1,1,1.50,image/art_PALETA.png,Unit,Unit,Unit,CASA MATRIZ - Imgraf,Importadora Grafica
PTFLA44,PEPELES Y TRANSFERS,Unit,PAPEL TRANSFER LASER A4,0,1,1,1,6.50,image/art_PAPELTRANSFER.png,Unit,Unit,Unit,CASA MATRIZ - Imgraf,Importadora Grafica
VASO2027,SUMINISTRO PARA SUBLIMACION,Unit,VASO VINERO CELESTE,0,1,1,1,,image/art_VINERA.png,Unit,Unit,Unit,CASA MATRIZ - Imgraf,Importadora Grafica
VASO2026,SUMINISTRO PARA SUBLIMACION,Unit,VASO VINERO ROSADO,0,1,1,1,,image/art_VINERA.png,Unit,Unit,Unit,CASA MATRIZ - Imgraf,Importadora Grafica
FUND2026,SUMINISTRO PARA SUBLIMACION,Unit,FUNDA PILLOW MAGIC PARA SUBLIMAR (COJIN) CUADRADO MORADO,0,1,1,1,,image/art_COJINMAGICOCUADRADO.png,Unit,Unit,Unit,CASA MATRIZ - Imgraf,Importadora Grafica
COLLAR21,SUMINISTRO PARA SUBLIMACION,Unit,COLLAR NC 21,0,1,1,1,,,Unit,Unit,Unit,CASA MATRIZ - Imgraf,Importadora Grafica
COLLA08,SUMINISTRO PARA SUBLIMACION,Unit,COLLAR NC08,0,1,1,1,,,Unit,Unit,Unit,CASA MATRIZ - Imgraf,Importadora Grafica
CUCHILA2026,ACCESORIOS,Unit,CUCHILLA SHAPPY,0,1,1,1,,image/art_CUCHILLA.png,Unit,Unit,Unit,CASA MATRIZ - Imgraf,Importadora Grafica
V20261,SUMINISTRO PARA SUBLIMACION,Unit,"VINIL REFLECTIVO FILM 1,24*45,7",0,1,1,1,,image/art_VINILREFLECITVO.png,Unit,Unit,Unit,CASA MATRIZ - Imgraf,Importadora Grafica
VC60AH,SUMINISTRO PARA ROTULACION,Unit,VINYL DE CORTE 60 CM*45.7 M AMARILLO HUEVO,0,1,1,1,54.63,image/art_VINILCORTE1.png,Unit,Unit,Unit,CASA MATRIZ - Imgraf,Importadora Grafica
VC60O,SUMINISTRO PARA ROTULACION,Unit,VINYL DE CORTE 60 CM*45.7 M OCRE,0,1,1,1,54.63,image/art_VINILCORTE1.png,Unit,Unit,Unit,CASA MATRIZ - Imgraf,Importadora Grafica
VC60P,SUMINISTRO PARA ROTULACION,Unit,VINYL DE CORTE 60 CM*45.7 M ROSADO,0,1,1,1,54.63,image/art_VINILCORTE1.png,Unit,Unit,Unit,CASA MATRIZ - Imgraf,Importadora Grafica
VC60L,SUMINISTRO PARA ROTULACION,Unit,VINYL DE CORTE 60 CM* 45.7 M LILA,0,1,1,1,54.63,image/art_VINILCORTE1.png,Unit,Unit,Unit,CASA MATRIZ - Imgraf,Importadora Grafica
VC60VB,SUMINISTRO PARA ROTULACION,Unit,VINYL DE CORTE 60 CM* 45.7 M VERDE BOTELLA,0,1,1,1,54.63,image/art_VINILCORTE1.png,Unit,Unit,Unit,CASA MATRIZ - Imgraf,Importadora Grafica
FLOOR26,SUMINISTROS DTF,Unit,GRAFICO DE PISO 1.52X50M 180MICRON/110GRS FLOOR FILM ROLLO,0,1,1,1,,"image/art_FLOORFILM180MIC1,52M.jpg",Unit,Unit,Unit,CASA MATRIZ - Imgraf,Importadora Grafica
CMRRM,SUMINISTRO PARA SUBLIMACION,Unit,CAMISA MANGA RANGLAN ROJA M,0,1,1,1,3.50,image/art_CAMISARANGLANROJA.png,Unit,Unit,Unit,CASA MATRIZ - Imgraf,Importadora Grafica
CMRRXL,SUMINISTRO PARA SUBLIMACION,Unit,CAMISA MANGA RANGLAN ROJA XL,0,1,1,1,3.50,image/art_CAMISARANGLANROJA.png,Unit,Unit,Unit,CASA MATRIZ - Imgraf,Importadora Grafica
CMRRL,SUMINISTRO PARA SUBLIMACION,Unit,CAMISA MANGA RANGLAN ROJA L,0,1,1,1,3.50,image/art_CAMISARANGLANROJA.png,Unit,Unit,Unit,CASA MATRIZ - Imgraf,Importadora Grafica
CMRRS,SUMINISTRO PARA SUBLIMACION,Unit,CAMISA MANGA RANGLAN ROJA S,0,1,1,1,3.50,image/art_CAMISARANGLANROJA.png,Unit,Unit,Unit,CASA MATRIZ - Imgraf,Importadora Grafica
CMRAXL,SUMINISTRO PARA SUBLIMACION,Unit,CAMISA MANGA RANGLAN AZUL XL,0,1,1,1,3.50,image/art_CAMISARANGLANAZUÑ.png,Unit,Unit,Unit,CASA MATRIZ - Imgraf,Importadora Grafica
CMRAL,SUMINISTRO PARA SUBLIMACION,Unit,CAMISA MANGA RANGLAN AZUL L,0,1,1,1,3.50,image/art_CAMISARANGLANAZUÑ.png,Unit,Unit,Unit,CASA MATRIZ - Imgraf,Importadora Grafica
CMRAS,SUMINISTRO PARA SUBLIMACION,Unit,CAMISA MANGA RANGLAN AZUL S,0,1,1,1,3.50,image/art_CAMISARANGLANAZUÑ.png,Unit,Unit,Unit,CASA MATRIZ - Imgraf,Importadora Grafica
CA2026,SUMINISTRO PARA SUBLIMACION,Unit,CAMISA MANGA RANGLAN M,0,1,1,1,3.50,image/art_CAMISARANGLANROJA.png,Unit,Unit,Unit,CASA MATRIZ - Imgraf,Importadora Grafica
TSHKXXL,SUMINISTRO PARA SUBLIMACION,Unit,CAMISAS BLANCA DE NIÑ0 XXL,0,1,1,1,3.80,image/art_CAMISAPOLICOTONNIÑO.png,Unit,Unit,Unit,CASA MATRIZ - Imgraf,Importadora Grafica
BP37,SUMINISTRO PARA SUBLIMACION,Unit,BOTONES DE 37MM,0,1,1,1,0.14,image/art_BOTONES37MM.png,Unit,Unit,Unit,CASA MATRIZ - Imgraf,Importadora Grafica
SFFLUSG,TINTAS,Unit,SOLVENTE FLUSH GALAXI,0,1,1,1,21.02,image/art_SOLVENTEGALAX.jfif,Unit,Unit,Unit,CASA MATRIZ - Imgraf,Importadora Grafica
SFBLANCO,TINTAS,Unit,SOLVENTE FLUSH DTF BOTELLA BLANCO,0,1,1,1,24.00,image/art_SOLVENTEGALAX.jfif,Unit,Unit,Unit,CASA MATRIZ - Imgraf,Importadora Grafica
L227,LAMINADORES,Unit,LAMINADOR COLD (GLOSS) 50MIC /1.37 X50M,0,1,1,1,45.99,image/art_LAMINADOR.png,Unit,Unit,Unit,CASA MATRIZ - Imgraf,Importadora Grafica
L226,LAMINADORES,Unit,LAMINADOR MATE 50MIC 1.52 M,0,1,1,1,54.99,image/art_LAMINADORMATE.png,Unit,Unit,Unit,CASA MATRIZ - Imgraf,Importadora Grafica
CC0831,LAMINADORES,Unit,IMAX LAMINADOR UV 80 MIC 1.06 M,0,1,1,1,5879.00,image/art_LAMINADORUV.png,Unit,Unit,Unit,CASA MATRIZ - Imgraf,Importadora Grafica
FF179,VINILES ESPECIALES,Yard,GRAFICO DE PISO 1.50X50M 180 MICRON/110GRS LINER CLEAR PERMANENT GLUE YARDS,0,1,1,1,6.75,image/art_GRAFICODEPISO.png,Yard,Yard,Yard,CASA MATRIZ - Imgraf,Importadora Grafica
TSRFB11,SUMINISTRO PARA SUBLIMACION,Unit,TAZA 11OZ ROJO CON FONDO BLANCO,0,1,1,1,1.25,image/art_TAZAFONDODECOLOR.png,Unit,Unit,Unit,CASA MATRIZ - Imgraf,Importadora Grafica
TSVFB11,SUMINISTRO PARA SUBLIMACION,Unit,TAZA 11OZ VERDE CON FONDO BLANCO,0,1,1,1,1.25,image/art_TAZAFONDODECOLOR.png,Unit,Unit,Unit,CASA MATRIZ - Imgraf,Importadora Grafica
TSMFB11,SUMINISTRO PARA SUBLIMACION,Unit,TAZA 11 OZ MORADA CON FONDO BLANCO,0,1,1,1,1.25,image/art_TAZAFONDODECOLOR.png,Unit,Unit,Unit,CASA MATRIZ - Imgraf,Importadora Grafica
TSPB11,SUMINISTRO PARA SUBLIMACION,Unit,TAZA 11OZ PLATA CON FONDO BLANCO,0,1,1,1,1.35,image/art_TAZAFONDODECOLOR.png,Unit,Unit,Unit,CASA MATRIZ - Imgraf,Importadora Grafica
TSCFB11,SUMINISTRO PARA SUBLIMACION,Unit,TAZA 11OZ CELESTE CON FONDO BLANCO,0,1,1,1,1.65,image/art_TAZAFONDODECOLOR.png,Unit,Unit,Unit,CASA MATRIZ - Imgraf,Importadora Grafica
TSRR11,SUMINISTRO PARA SUBLIMACION,Unit,TAZAS 11OZ SUBLIMACION FONDO ROSADO,0,1,1,1,1.65,image/art_TAZAFONDODECOLOR.png,Unit,Unit,Unit,CASA MATRIZ - Imgraf,Importadora Grafica
HTW300SE,VINILES TEXTILES,Unit,VINYL TEXTIL ECOSOLVENTE PRINTABLE 50X30M,0,1,1,1,162.50,image/art_VINILTEXTILECOSOLVENTE.png,Unit,Unit,Unit,CASA MATRIZ - Imgraf,Importadora Grafica
ONEWAY,SUMINISTRO PARA ROTULACION,Unit,ONE WAY VISION 1.37 M MICROPERFORADO,0,1,1,1,180.00,image/art_MICROPERFERADO.png,Unit,Unit,Unit,CASA MATRIZ - Imgraf,Importadora Grafica
PRENSA1,EQUIPOS Y MAQUINARIAS,Unit,PRENSA DE TAZAS 11OZ,0,1,1,1,,image/art_PRENSADETAZA.png,Unit,Unit,Unit,CASA MATRIZ - Imgraf,Importadora Grafica
PLANCHA,EQUIPOS Y MAQUINARIAS,Unit,PLANCHA PLANA 60*80,0,1,1,1,,image/art_PLANCHAPLANA60X80.png,Unit,Unit,Unit,CASA MATRIZ - Imgraf,Importadora Grafica
IMPRESOR,EQUIPOS Y MAQUINARIAS,Unit,IMPRESOR EPSON 170,0,1,1,1,,image/art_IMPRESOREPSON170.jpg,Unit,Unit,Unit,CASA MATRIZ - Imgraf,Importadora Grafica
LB3,SUMINISTRO PARA ROTULACION,Unit,LONA BANNER 300X500 1.05 X50M TRASLUCIDA,0,1,1,1,,image/art_LONA.png,Unit,Unit,Unit,CASA MATRIZ - Imgraf,Importadora Grafica
LB2,SUMINISTRO PARA ROTULACION,Unit,LONA BANNER GLOSSY 500*500 50 MIC 1.50 M,0,1,1,1,,image/art_LONA.png,Unit,Unit,Unit,CASA MATRIZ - Imgraf,Importadora Grafica
LB1,SUMINISTRO PARA ROTULACION,Unit,LONA BANNER GLOSSY 500*500 50 MIC 1.80 M,0,1,1,1,97.40,image/art_LONA.png,Unit,Unit,Unit,CASA MATRIZ - Imgraf,Importadora Grafica
LBT137300,SUMINISTRO PARA ROTULACION,Unit,LONA BANNER 300*500 1.37 50M TRASLUCIDA,0,1,1,1,82.85,image/art_LONATRASLUSIDA.png,Unit,Unit,Unit,CASA MATRIZ - Imgraf,Importadora Grafica
DTT01,ACCESORIOS,Unit,DISPENSADOR DE TAPE TÉRMICO,0,1,1,1,4.50,image/art_DISPENSADORDETAPE.png,Unit,Unit,Unit,CASA MATRIZ - Imgraf,Importadora Grafica
PSZ90,EQUIPOS Y MAQUINARIAS,Unit,"PLANCHA, SUBLIMAR, ZAPATOS",0,1,1,1,200.00,image/art_PLANCHAZAPATOS.png,Unit,Unit,Unit,CASA MATRIZ - Imgraf,Importadora Grafica
TPG11,SUMINISTRO PARA SUBLIMACION,Unit,TAZA 11OZ PLATING GOLD,0,1,1,1,1.67,image/art_TAZASSPARK.png,Unit,Unit,Unit,CASA MATRIZ - Imgraf,Importadora Grafica
TGP11,SUMINISTRO PARA SUBLIMACION,Unit,TAZA 11OZ GLITTER PURPLE (MORADO ),0,1,1,1,1.67,image/art_TAZASSPARK.png,Unit,Unit,Unit,CASA MATRIZ - Imgraf,Importadora Grafica
TGY11,SUMINISTRO PARA SUBLIMACION,Unit,TAZA 11OZ GLITTER AMARILLA,0,1,1,1,1.65,image/art_TAZASSPARK.png,Unit,Unit,Unit,CASA MATRIZ - Imgraf,Importadora Grafica
TFPP11,SUMINISTRO PARA SUBLIMACION,Unit,TAZA FLUORESCENTE PURPLE 11 ONZ,0,1,1,1,1.25,image/art_TAZAFLUOMORADA.png,Unit,Unit,Unit,CASA MATRIZ - Imgraf,Importadora Grafica
TFC11,SUMINISTRO PARA SUBLIMACION,Unit,TAZA FLUORESCENTE CELESTE 11 ONZ,0,1,1,1,1.25,image/art_TAZAFLUOCEL.png,Unit,Unit,Unit,CASA MATRIZ - Imgraf,Importadora Grafica
TFP11,SUMINISTRO PARA SUBLIMACION,Unit,TAZA FLUORESCENTE PINK 11OZ,0,1,1,1,1.35,image/art_TAZAFLUOROSADA.png,Unit,Unit,Unit,CASA MATRIZ - Imgraf,Importadora Grafica
TC12P,SUMINISTRO PARA SUBLIMACION,Unit,TAZA CON CUCHARA PINK 12 ONZ,0,1,1,1,2.02,image/art_TAZACUCHARA.png,Unit,Unit,Unit,CASA MATRIZ - Imgraf,Importadora Grafica
TC12N,SUMINISTRO PARA SUBLIMACION,Unit,TAZA CON CUCHARA BLACK 12 ONZ,0,1,1,1,2.43,image/art_TAZACUCHARA.png,Unit,Unit,Unit,CASA MATRIZ - Imgraf,Importadora Grafica
TC12O,SUMINISTRO PARA SUBLIMACION,Unit,TAZA CON CUCHARA ORANGE 12 ONZ,0,1,1,1,2.02,image/art_TAZACUCHARA.png,Unit,Unit,Unit,CASA MATRIZ - Imgraf,Importadora Grafica
TC12B,SUMINISTRO PARA SUBLIMACION,Unit,TAZA CON CUCHARA BLUE 12 ONZ,0,1,1,1,2.43,image/art_TAZACUCHARA.png,Unit,Unit,Unit,CASA MATRIZ - Imgraf,Importadora Grafica
TC12R,SUMINISTRO PARA SUBLIMACION,Unit,TAZA CON CUCHARA RED 12 ONZ,0,1,1,1,2.43,image/art_TAZACUCHARA.png,Unit,Unit,Unit,CASA MATRIZ - Imgraf,Importadora Grafica
TC12Y,SUMINISTRO PARA SUBLIMACION,Unit,TAZA CON CUCHARA YELLOW 12 ONZ,0,1,1,1,2.43,image/art_TAZACUCHARA.png,Unit,Unit,Unit,CASA MATRIZ - Imgraf,Importadora Grafica
MPSR07,SUMINISTRO PARA SUBLIMACION,Unit,MEDALLA PET REDONDA,0,1,1,1,,,Unit,Unit,Unit,CASA MATRIZ - Imgraf,Importadora Grafica
MPSRC06,SUMINISTRO PARA SUBLIMACION,Unit,MEDALLA PET REDONDO C/OJAL,0,1,1,1,0.75,,Unit,Unit,Unit,CASA MATRIZ - Imgraf,Importadora Grafica
MPSC05,SUMINISTRO PARA SUBLIMACION,Unit,MEDALLA PET CUADRADA,0,1,1,1,0.75,image/art_MEDALLACUADRADA.png,Unit,Unit,Unit,CASA MATRIZ - Imgraf,Importadora Grafica
MPSR04,SUMINISTRO PARA SUBLIMACION,Unit,MEDALLA PET RECTANGULAR,0,1,1,1,0.75,,Unit,Unit,Unit,CASA MATRIZ - Imgraf,Importadora Grafica
MPSO03,SUMINISTRO PARA SUBLIMACION,Unit,MEDALLA PET OVALADA,0,1,1,1,0.75,,Unit,Unit,Unit,CASA MATRIZ - Imgraf,Importadora Grafica
MPSM02,SUMINISTRO PARA SUBLIMACION,Unit,MEDALLA PET MICKEY,0,1,1,1,0.75,,Unit,Unit,Unit,CASA MATRIZ - Imgraf,Importadora Grafica
MPSC01,SUMINISTRO PARA SUBLIMACION,Unit,MEDALLA PET CORAZON,0,1,1,1,0.75,,Unit,Unit,Unit,CASA MATRIZ - Imgraf,Importadora Grafica
PCMC60,EQUIPOS Y MAQUINARIAS,Unit,PLOTER DE CORTE MG630F,0,1,1,1,550.00,image/art_PLOTTERDECORTE.png,Unit,Unit,Unit,CASA MATRIZ - Imgraf,Importadora Grafica
TSAMXXXXL,SUMINISTRO PARA SUBLIMACION,Unit,CAMISA ADULTO POLYCOTTON XXXXL,0,1,1,1,3.89,image/art_CAMISAPOLICOTON.png,Unit,Unit,Unit,CASA MATRIZ - Imgraf,Importadora Grafica
TSAXXXL,SUMINISTRO PARA SUBLIMACION,Unit,CAMISA ADULTO POLYCOTTON XXXL,0,1,1,1,3.89,image/art_CAMISAPOLICOTON.png,Unit,Unit,Unit,CASA MATRIZ - Imgraf,Importadora Grafica
TSAXXL,SUMINISTRO PARA SUBLIMACION,Unit,CAMISA ADULTO POLYCOTTON XXL,0,1,1,1,3.89,image/art_CAMISAPOLICOTON.png,Unit,Unit,Unit,CASA MATRIZ - Imgraf,Importadora Grafica
TSAXL,SUMINISTRO PARA SUBLIMACION,Unit,CAMISA ADULTO POLYCOTTON XL,0,1,1,1,3.89,image/art_CAMISAPOLICOTON.png,Unit,Unit,Unit,CASA MATRIZ - Imgraf,Importadora Grafica
TSAL,SUMINISTRO PARA SUBLIMACION,Unit,CAMISA ADULTO POLYCOTTON L,0,1,1,1,3.89,image/art_CAMISAPOLICOTON.png,Unit,Unit,Unit,CASA MATRIZ - Imgraf,Importadora Grafica
TSAM,SUMINISTRO PARA SUBLIMACION,Unit,CAMISA ADULTO POLYCOTTON M,0,1,1,1,3.50,image/art_CAMISAPOLICOTON.png,Unit,Unit,Unit,CASA MATRIZ - Imgraf,Importadora Grafica
PLEDPA,DISPLAY POP Y EVENTOS,Unit,PIZARRA LED PARED,0,1,1,1,55.00,image/art_PIZARRALEDPARED.jpg,Unit,Unit,Unit,CASA MATRIZ - Imgraf,Importadora Grafica
PLED6080,DISPLAY POP Y EVENTOS,Unit,PIZARRA LED 60X80 PEDESTAL,0,1,1,1,55.00,image/art_PIZARRALED.png,Unit,Unit,Unit,CASA MATRIZ - Imgraf,Importadora Grafica
VA10680M,SUMINISTRO PARA ROTULACION,Unit,VINYL ADHESIVO 1.06M GOMA GRIS MATTE 80 MIC,0,1,1,1,52.00,image/art_VINILADHESIVOMATE.png,Unit,Unit,Unit,CASA MATRIZ - Imgraf,Importadora Grafica
VA13780M,SUMINISTRO PARA ROTULACION,Unit,VINYL ADHESIVO 1.37M GOMA GRIS MATTE 80 MIC,0,1,1,1,65.00,image/art_VINILADHESIVOMATE.png,Unit,Unit,Unit,CASA MATRIZ - Imgraf,Importadora Grafica
VA15280M,SUMINISTRO PARA ROTULACION,Unit,VINYL ADHESIVO 1.52M GOMA GRIS MATTE 80MIC,0,1,1,1,77.00,image/art_VINILADHESIVOMATE.png,Unit,Unit,Unit,CASA MATRIZ - Imgraf,Importadora Grafica
SP11090,PEPELES Y TRANSFERS,Unit,PAPEL PARA SUBLIMAR ROLLO 1.10M 90 GRAMOS,0,1,1,1,30.94,image/art_ROLLOSUBLIMAR.png,Unit,Unit,Unit,CASA MATRIZ - Imgraf,Importadora Grafica
SP11075,PEPELES Y TRANSFERS,Unit,PAPEL PARA SUBLIMAR 1.10M 75 GRAMOS,0,1,1,1,37.94,image/art_PAPELPARASUBLIMAR.png,Unit,Unit,Unit,CASA MATRIZ - Imgraf,Importadora Grafica
SPNC01,ACCESORIOS,Unit,NCORTADOR MANUAL PVC TROVICEL,0,1,1,1,19.00,image/art_CORTADORMANUAL.png,Unit,Unit,Unit,CASA MATRIZ - Imgraf,Importadora Grafica
CRANAM,SUMINISTRO PARA SUBLIMACION,Unit,CAMISA RANGLAN AZUL M,0,1,1,1,2.50,image/art_CAMISARANGLANAZUÑ.png,Unit,Unit,Unit,CASA MATRIZ - Imgraf,Importadora Grafica
SCNC02,ACCESORIOS,Unit,CORTADOR SIZADOR DE COROPLAST PARA DOBLES,0,1,1,1,19.00,image/art_CORTADORMANUAL.png,Unit,Unit,Unit,CASA MATRIZ - Imgraf,Importadora Grafica
BPS40,SUMINISTRO PARA SUBLIMACION,Unit,BACK PACK SUBLIMABLE 40X40 BLANCO,0,1,1,1,1.90,image/art_CHAPETON.png,Unit,Unit,Unit,CASA MATRIZ - Imgraf,Importadora Grafica
CHA2550,ACCESORIOS,Unit,CHAPETON ACERO INOXIDABLE 25*50,0,1,1,1,2.85,image/art_CHAPETON.png,Unit,Unit,Unit,CASA MATRIZ - Imgraf,Importadora Grafica
CHA2540,ACCESORIOS,Unit,CHAPETON ACERO INOXIDABLE 25*40,0,1,1,1,2.45,image/art_CHAPETON.png,Unit,Unit,Unit,CASA MATRIZ - Imgraf,Importadora Grafica
CHA2525,ACCESORIOS,Unit,CHAPETON ACERO INOXIDABLE 25*25,0,1,1,1,2.39,image/art_CHAPETON.png,Unit,Unit,Unit,CASA MATRIZ - Imgraf,Importadora Grafica
CHA1840,ACCESORIOS,Unit,CHAPETON ACERO INOXIDABLE18*40,0,1,1,1,2.25,image/art_CHAPETON.png,Unit,Unit,Unit,CASA MATRIZ - Imgraf,Importadora Grafica
CHA1825,ACCESORIOS,Unit,CHAPETON ACERO INOXIDABLE 18*25,0,1,1,1,1.99,image/art_CHAPETON.png,Unit,Unit,Unit,CASA MATRIZ - Imgraf,Importadora Grafica
TC1000,ACCESORIOS,Unit,TIRRO CREPE,0,1,1,1,0.30,image/art_TIRROCREPE.png,Unit,Unit,Unit,CASA MATRIZ - Imgraf,Importadora Grafica
PSG110,EQUIPOS Y MAQUINARIAS,Unit,PLANCHA SUBLIMAR GORRAS 110V,0,1,1,1,235.00,,Unit,Unit,Unit,CASA MATRIZ - Imgraf,Importadora Grafica
MTR009,EQUIPOS Y MAQUINARIAS,Unit,MULTI TRANSFER ROLLER MACHINE AREA DE IMPRESIÓN 5*9,0,1,1,1,500.00,,Unit,Unit,Unit,CASA MATRIZ - Imgraf,Importadora Grafica
MSB10,EQUIPOS Y MAQUINARIAS,Unit,MAQUINA SUBLIMACION BOLIGRAFO FREE SUB 10 EN 1,0,1,1,1,175.00,image/art_MAQUINABOLIGRAFO.png,Unit,Unit,Unit,CASA MATRIZ - Imgraf,Importadora Grafica
LPA002,SUMINISTRO PARA SUBLIMACION,Unit,LAPICEROS DEPLASTICO AZUL,0,1,1,1,0.38,image/art_LAPICEROS.png,Unit,Unit,Unit,CASA MATRIZ - Imgraf,Importadora Grafica
LPN003,SUMINISTRO PARA SUBLIMACION,Unit,LAPICERO DE PLASTICO NEGRO,0,1,1,1,0.38,image/art_LAPICEROS.png,Unit,Unit,Unit,CASA MATRIZ - Imgraf,Importadora Grafica
LPR005,SUMINISTRO PARA SUBLIMACION,Unit,LAPICERO DE PLSTICO ROJO,0,1,1,1,0.38,image/art_LAPICEROS.png,Unit,Unit,Unit,CASA MATRIZ - Imgraf,Importadora Grafica
LPV001,SUMINISTRO PARA SUBLIMACION,Unit,LAPICERO DE PLASTICO VERDE,0,1,1,1,0.38,image/art_LAPICEROS.png,Unit,Unit,Unit,CASA MATRIZ - Imgraf,Importadora Grafica
SQP05,ACCESORIOS,Unit,SQUEESE PLASTICO (PALETA PARA PEGAR VINIL ),0,1,1,1,1.50,image/art_PALETAFELPA.png,Unit,Unit,Unit,CASA MATRIZ - Imgraf,Importadora Grafica
PSS25,SUMINISTRO PARA SUBLIMACION,Unit,POP SOCKET SUBLIMAR,0,1,1,1,1.00,image/art_POPSUBLIMABLE.png,Unit,Unit,Unit,CASA MATRIZ - Imgraf,Importadora Grafica
TDCT15,ACCESORIOS,Unit,TAPE DOBLE CARA TRASPARENTE 15*50MM,0,1,1,1,6.68,image/art_TAPEDOBLECARATRANSPARENTE.png,Unit,Unit,Unit,CASA MATRIZ - Imgraf,Importadora Grafica
TTS5MM,ACCESORIOS,Unit,TAPE TERMICA PARA SUBLIMAR 5MM*60,0,1,1,1,4.42,image/art_TAPETERMICO.png,Unit,Unit,Unit,CASA MATRIZ - Imgraf,Importadora Grafica
LLMC11,SUMINISTRO PARA SUBLIMACION,Unit,LLAVERO PLASTICO CORTA UÑA PARA SUBLIMACIÓN,0,1,1,1,1.00,,Unit,Unit,Unit,CASA MATRIZ - Imgraf,Importadora Grafica
LLMC09,SUMINISTRO PARA SUBLIMACION,Unit,LLAVERO METALICO CORAZÓN SUBLIMABLE,0,1,1,1,1.25,,Unit,Unit,Unit,CASA MATRIZ - Imgraf,Importadora Grafica
LLMR03,SUMINISTRO PARA SUBLIMACION,Unit,LLAVERO METALICO RECTANGULAR,0,1,1,1,1.25,,Unit,Unit,Unit,CASA MATRIZ - Imgraf,Importadora Grafica
LLMR02,SUMINISTRO PARA SUBLIMACION,Unit,LLAVERO METALICO REDONDO,0,1,1,1,1.25,,Unit,Unit,Unit,CASA MATRIZ - Imgraf,Importadora Grafica
LLMC01,SUMINISTRO PARA SUBLIMACION,Unit,LLAVERO METALICO CUADRADO,0,1,1,1,1.25,image/art_LLAVEROCUADRADO.png,Unit,Unit,Unit,CASA MATRIZ - Imgraf,Importadora Grafica
PTFOA3,PEPELES Y TRANSFERS,Unit,PAPEL TRASFER FONDO OSCURO A3,0,1,1,1,1.79,image/art_PAPELTRANSFERA.png,Unit,Unit,Unit,CASA MATRIZ - Imgraf,Importadora Grafica
PTFOA4,PEPELES Y TRANSFERS,Unit,PAPEL TRASFER FONDO OSCURO A4,0,1,1,1,1.50,image/art_PAPELTRANSFER.png,Unit,Unit,Unit,CASA MATRIZ - Imgraf,Importadora Grafica
PTFCA3,PEPELES Y TRANSFERS,Unit,PAPEL TRASFER FONDO CLARO A3,0,1,1,1,1.19,image/art_PATRANSFEROSCURO.png,Unit,Unit,Unit,CASA MATRIZ - Imgraf,Importadora Grafica
PTFCA4,PEPELES Y TRANSFERS,Unit,PAPEL TRASFER FONDO CLARO A4,0,1,1,1,,image/art_PATRANSFEROSCURO.png,Unit,Unit,Unit,CASA MATRIZ - Imgraf,Importadora Grafica
PSA3,PEPELES Y TRANSFERS,Unit,PAPEL PARA SUBLIMAR A3,0,1,1,1,13.50,image/art_PAPELPARASUBLIMAR.png,Unit,Unit,Unit,CASA MATRIZ - Imgraf,Importadora Grafica
PSA4,PEPELES Y TRANSFERS,Unit,PAPEL PARA SUBLIMAR A4,0,1,1,1,6.50,image/art_PAPELPARASUBLIMAR.png,Unit,Unit,Unit,CASA MATRIZ - Imgraf,Importadora Grafica
SP4060,PEPELES Y TRANSFERS,Unit,PAPEL DE SUBLIMACION 40*60,0,1,1,1,,image/art_ROLLOSUBLIMAR.png,Unit,Unit,Unit,CASA MATRIZ - Imgraf,Importadora Grafica
VA12580,SUMINISTRO PARA ROTULACION,Unit,VINYL ADHESIVO GLOSSY 80 MICRAS 1.25 * 50,0,1,1,1,,image/art_VINILADHESIVOGLOSSY.png,Unit,Unit,Unit,CASA MATRIZ - Imgraf,Importadora Grafica
PCR,PEPELES Y TRANSFERS,Unit,PAPEL COLOR ROSADO,0,1,1,1,,,Unit,Unit,Unit,CASA MATRIZ - Imgraf,Importadora Grafica
PCRA,PEPELES Y TRANSFERS,Unit,PAPEL DE COLORES ABIERTO ROSADO Y AMARILLO,0,1,1,1,,,Unit,Unit,Unit,CASA MATRIZ - Imgraf,Importadora Grafica
PS16090,PEPELES Y TRANSFERS,Unit,PAPEL SUBLIMACION 1.60 Y 90 GRAMOS,0,1,1,1,56.94,image/art_ROLLOSUBLIMAR.png,Unit,Unit,Unit,CASA MATRIZ - Imgraf,Importadora Grafica
PCOS,SUMINISTRO PARA SUBLIMACION,Unit,FUNDA PILLOW (COJIN) DE OSO PARA SUBLIMAR,0,1,1,1,,image/art_FUNDAOSO.png,Unit,Unit,Unit,CASA MATRIZ - Imgraf,Importadora Grafica
CBB500,SUMINISTRO PARA SUBLIMACION,Unit,COLA BOTTLE TERMO BLANCO 500,0,1,1,1,4.85,image/art_COLABOTTLE.png,Unit,Unit,Unit,CASA MATRIZ - Imgraf,Importadora Grafica
CBC500,SUMINISTRO PARA SUBLIMACION,Unit,COLA BOTTLE CELESTE 500ML,0,1,1,1,4.85,,Unit,Unit,Unit,CASA MATRIZ - Imgraf,Importadora Grafica
CBP500,SUMINISTRO PARA SUBLIMACION,Unit,COLA BOTTLE TERMO PLATEADO 500ML,0,1,1,1,4.85,,Unit,Unit,Unit,CASA MATRIZ - Imgraf,Importadora Grafica
CBR500,SUMINISTRO PARA SUBLIMACION,Unit,COLA BOTTLE TERMO ROSADO 500ML,0,1,1,1,4.85,,Unit,Unit,Unit,CASA MATRIZ - Imgraf,Importadora Grafica
CFF151234,VINILES ESPECIALES,Unit,VINYL FIBRA DE CARBON FILM 5D BLACK 1.52*30M ROLLO,0,1,1,1,206.40,image/art_FIBRADECARBONONEGRO.png,Unit,Unit,Unit,CASA MATRIZ - Imgraf,Importadora Grafica
CFF154,VINILES ESPECIALES,Unit,VINYL FIBRA DE CARBON FILM 5D BLACK 1.52*30M GRIS,0,1,1,1,6.88,,Unit,Unit,Unit,CASA MATRIZ - Imgraf,Importadora Grafica
CFF153,VINILES ESPECIALES,Unit,VINYL FIBRA CARBON FILM 5D BLACK 1.52*30M DORADO,0,1,1,1,6.88,,Unit,Unit,Unit,CASA MATRIZ - Imgraf,Importadora Grafica
CFF152,VINILES ESPECIALES,Unit,VINYL FIBRA DE CARBON FILM 5D BLACK 1.52*30M AZUL,0,1,1,1,6.88,,Unit,Unit,Unit,CASA MATRIZ - Imgraf,Importadora Grafica
CFF151,VINILES ESPECIALES,Unit,VINYL FIBRA DE CARBON FILM 5D BLACK 1.52*30M NEGRO,0,1,1,1,6.88,image/art_FIBRADECARBONONEGRO.png,Unit,Unit,Unit,CASA MATRIZ - Imgraf,Importadora Grafica
PCCR,SUMINISTRO PARA SUBLIMACION,Unit,FUNDA PILLOW MAGIC PARA SUBLIMAR (COJIN) CUADRADO ROJO,0,1,1,1,2.74,image/art_COJINMAGICOCUADRADO.png,Unit,Unit,Unit,CASA MATRIZ - Imgraf,Importadora Grafica
PCCC,SUMINISTRO PARA SUBLIMACION,Unit,FUNDA PILLOW MAGIC PARA SUBLIAMR (COJIN) CUADRADO BLANCO,0,1,1,1,2.74,image/art_COJINMAGICOCUADRADO.png,Unit,Unit,Unit,CASA MATRIZ - Imgraf,Importadora Grafica
PCCD,SUMINISTRO PARA SUBLIMACION,Unit,FUNDA PILLOW MAGIC PARA SUBLIMAR (COJIN) CUADRADO DORADO,0,1,1,1,2.74,image/art_COJINMAGICOCUADRADO.png,Unit,Unit,Unit,CASA MATRIZ - Imgraf,Importadora Grafica
PCCM,SUMINISTRO PARA SUBLIMACION,Unit,FUNDA PILLOW MAGIC PARA SUBLIMAR (COJIN) CUADRADO ROJO BLANCO,0,1,1,1,2.74,image/art_COJINMAGICOCUADRADO.png,Unit,Unit,Unit,CASA MATRIZ - Imgraf,Importadora Grafica
PCCA,SUMINISTRO PARA SUBLIMACION,Unit,FUNDA PILLOW MAGIC PARA SUBLIMAR (COJÍN ) CUADRADO AZUL,0,1,1,1,2.74,,Unit,Unit,Unit,CASA MATRIZ - Imgraf,Importadora Grafica
PCSOC,SUMINISTRO PARA SUBLIMACION,Unit,FUNDA PILLOW (COJIN OSÓ ) CELESTE,0,1,1,1,2.74,image/art_FUNDAOSO.png,Unit,Unit,Unit,CASA MATRIZ - Imgraf,Importadora Grafica
PCSOF,SUMINISTRO PARA SUBLIMACION,Unit,FUNDA PILLOW (COJIN OSÓ ) FUSCIA,0,1,1,1,2.74,image/art_FUNDAOSO.png,Unit,Unit,Unit,CASA MATRIZ - Imgraf,Importadora Grafica
PCSOS,SUMINISTRO PARA SUBLIMACION,Unit,FUNDA PILLOW (COJIN OSÓ ) SALMON,0,1,1,1,2.74,image/art_FUNDAOSO.png,Unit,Unit,Unit,CASA MATRIZ - Imgraf,Importadora Grafica
PCSOR,SUMINISTRO PARA SUBLIMACION,Unit,FUNDA PILLOW (COJIN OSÓ ) ROSA,0,1,1,1,2.74,image/art_FUNDAOSO.png,Unit,Unit,Unit,CASA MATRIZ - Imgraf,Importadora Grafica
PCSCP,SUMINISTRO PARA SUBLIMACION,Unit,FUNDA PILLOW MAGIC CORAZON PLATA,0,1,1,1,2.74,image/art_COJINCORAZÓN.png,Unit,Unit,Unit,CASA MATRIZ - Imgraf,Importadora Grafica
PCSCBB,SUMINISTRO PARA SUBLIMACION,Unit,FUNDA PILLOW MAGIC BLANCO /BLANCO CUADRADO,0,1,1,1,2.74,image/art_COJINMAGICOCUADRADO.png,Unit,Unit,Unit,CASA MATRIZ - Imgraf,Importadora Grafica
PCSBBC,SUMINISTRO PARA SUBLIMACION,Unit,FUNDA PILLOW MAGIC BLANCO /BLANCO CORAZON,0,1,1,1,3.54,,Unit,Unit,Unit,CASA MATRIZ - Imgraf,Importadora Grafica
PCSCD,SUMINISTRO PARA SUBLIMACION,Unit,FUNDA PILLOW MAGIC COJIN PARA SUBLIMAR CORAZON DORADO,0,1,1,1,3.54,,Unit,Unit,Unit,CASA MATRIZ - Imgraf,Importadora Grafica
PCSCN,SUMINISTRO PARA SUBLIMACION,Unit,FUNDA PILLOW COJIN PARA SUBLIMAR MAGIC CORAZON NEGRO,0,1,1,1,3.54,,Unit,Unit,Unit,CASA MATRIZ - Imgraf,Importadora Grafica
PCSC01,SUMINISTRO PARA SUBLIMACION,Unit,FUNDA PILLOW COJIN PARA SUBLIMAR DE CORAZON ROSADO,0,1,1,1,3.54,,Unit,Unit,Unit,CASA MATRIZ - Imgraf,Importadora Grafica
RCS05,SUMINISTRO PARA SUBLIMACION,Unit,RELLENOS DE CORAZON RELLENO,0,1,1,1,1.55,,Unit,Unit,Unit,CASA MATRIZ - Imgraf,Importadora Grafica
TDCE,ACCESORIOS,Unit,TAPE DOBLE CARA ESPUMA 3001342 2.4CM×10YDS,0,1,1,1,6.50,image/art_TAPEESPUMA.png,Unit,Unit,Unit,CASA MATRIZ - Imgraf,Importadora Grafica
LLC001,SUMINISTRO PARA SUBLIMACION,Unit,LLAVERO DE CORAZONES,0,1,1,1,1.25,image/art_COLLARES.png,Unit,Unit,Unit,CASA MATRIZ - Imgraf,Importadora Grafica
CDR03,SUMINISTRO PARA SUBLIMACION,Unit,COLLAR REDONDO,0,1,1,1,2.05,image/art_COLLARES.png,Unit,Unit,Unit,CASA MATRIZ - Imgraf,Importadora Grafica
CDC02,SUMINISTRO PARA SUBLIMACION,Unit,COLLAR DIJE CUADRADO,0,1,1,1,2.05,image/art_COLLARES.png,Unit,Unit,Unit,CASA MATRIZ - Imgraf,Importadora Grafica
CDLS01,SUMINISTRO PARA SUBLIMACION,Unit,COLLAR DE DIJE LARGO,0,1,1,1,2.05,image/art_COLLARES.png,Unit,Unit,Unit,CASA MATRIZ - Imgraf,Importadora Grafica
RCSK5,ACCESORIOS,Unit,REPUESTO DE CUCHILLA SK5 /10 UNIDAD,0,1,1,1,1.00,image/art_REPUESTOCUCHILLA.png,Unit,Unit,Unit,CASA MATRIZ - Imgraf,Importadora Grafica
O04P,SUMINISTRO PARA ROTULACION,Unit,OJETE # 4 PARA BANNER PLATEADO,0,1,1,1,9.60,image/art_OJETES.png,Unit,Unit,Unit,CASA MATRIZ - Imgraf,Importadora Grafica
O05P,SUMINISTRO PARA ROTULACION,Unit,OJETE # 5 PARA BANNER PLATEADO,0,1,1,1,10.25,image/art_OJETE.png,Unit,Unit,Unit,CASA MATRIZ - Imgraf,Importadora Grafica
O06P,SUMINISTRO PARA ROTULACION,Unit,OJETE # 6 PARA BANNER PLATEADO,0,1,1,1,11.50,image/art_OJETE.png,Unit,Unit,Unit,CASA MATRIZ - Imgraf,Importadora Grafica
NSK5M,ACCESORIOS,Unit,CORTADOR NAVAJA SK5 MANUAL /M20,0,1,1,1,2.25,,Unit,Unit,Unit,CASA MATRIZ - Imgraf,Importadora Grafica
VR124,VINILES ESPECIALES,Unit,VINYL REFLECTIVO (KILOBRIGHT REFLECTIVE) FILM 1.24*45.7M,0,1,1,1,410.00,image/art_VINILREFLECITVO.png,Unit,Unit,Unit,CASA MATRIZ - Imgraf,Importadora Grafica
GM20P,ACCESORIOS,Unit,GANCHO MOSQUETON PLASTICO NEGRO 20MM,0,1,1,1,18.00,image/art_GANCHOPLÁSITICO.png,Unit,Unit,Unit,CASA MATRIZ - Imgraf,Importadora Grafica
VC60Y,SUMINISTRO PARA ROTULACION,Unit,VINYL DE CORTE 60 CM*45.7 M AMARILLO CLARO,0,1,1,1,54.63,image/art_VINILCORTE1.png,Unit,Unit,Unit,CASA MATRIZ - Imgraf,Importadora Grafica
VC60R,SUMINISTRO PARA ROTULACION,Unit,VINYL DE CORTE 60 CM*45.7 M ROJO,0,1,1,1,54.63,image/art_VINILCORTE1.png,Unit,Unit,Unit,CASA MATRIZ - Imgraf,Importadora Grafica
VC60G,SUMINISTRO PARA ROTULACION,Unit,VINYL DE CORTE 60 CM*45.7 M GRIS,0,1,1,1,54.63,image/art_VINILCORTE1.png,Unit,Unit,Unit,CASA MATRIZ - Imgraf,Importadora Grafica
VC60N,SUMINISTRO PARA ROTULACION,Unit,VINYL DE CORTE 60 CM*45.7 MNARANJA,0,1,1,1,54.63,image/art_VINILCORTE1.png,Unit,Unit,Unit,CASA MATRIZ - Imgraf,Importadora Grafica
VC60C,SUMINISTRO PARA ROTULACION,Unit,VINYL DE CORTE 60 CM* 45.7 M CAFE,0,1,1,1,54.63,image/art_VINILCORTE1.png,Unit,Unit,Unit,CASA MATRIZ - Imgraf,Importadora Grafica
VC60M,SUMINISTRO PARA ROTULACION,Unit,VINYL DE CORTE 60 CM* 45.7 M MORADO,0,1,1,1,54.63,image/art_VINILCORTE1.png,Unit,Unit,Unit,CASA MATRIZ - Imgraf,Importadora Grafica
VC60V,SUMINISTRO PARA ROTULACION,Unit,VINYL DE CORTE 60 CM* 45.7 M VERDE,0,1,1,1,54.63,image/art_VINILCORTE1.png,Unit,Unit,Unit,CASA MATRIZ - Imgraf,Importadora Grafica
VC60A,SUMINISTRO PARA ROTULACION,Unit,VINYL DE CORTE 60 CM*45.7M AZUL,0,1,1,1,54.63,image/art_VINILCORTE1.png,Unit,Unit,Unit,CASA MATRIZ - Imgraf,Importadora Grafica
MP80,DISPLAY POP Y EVENTOS,Unit,MESA PROMOCIONAL 80X120X80 INCLUYE FUNDA DE VIAJE,0,1,1,1,68.50,image/art_MESAPROMOCIONAL.png,Unit,Unit,Unit,CASA MATRIZ - Imgraf,Importadora Grafica
FDU30,SUMINISTROS DTF,Unit,FILM DTF UV 30X100M A,0,1,1,1,70.63,image/art_FILMDTFUV.png,Unit,Unit,Unit,CASA MATRIZ - Imgraf,Importadora Grafica
FD60,SUMINISTROS DTF,Unit,FILM DTF PET FIL 0.6* 100 M,0,1,1,1,77.00,,Unit,Unit,Unit,CASA MATRIZ - Imgraf,Importadora Grafica
FD30,SUMINISTROS DTF,Unit,FILM DTF PET FIL 0.3*100M,0,1,1,1,35.40,,Unit,Unit,Unit,CASA MATRIZ - Imgraf,Importadora Grafica
PS110,SUMINISTRO PARA SUBLIMACION,Unit,PAPEL SUBLIMACION 1.1M 100 GRAMOS,0,1,1,1,41.00,image/art_ROLLOSUBLIMAR.png,Unit,Unit,Unit,CASA MATRIZ - Imgraf,Importadora Grafica
BP450,DISPLAY POP Y EVENTOS,Unit,BANDEROLA 4.50X0.80 PUBLICITARIA (NO INCLUYE TELA ),0,1,1,1,61.50,image/art_BANDEROLA.png,Unit,Unit,Unit,CASA MATRIZ - Imgraf,Importadora Grafica
BP340,DISPLAY POP Y EVENTOS,Unit,BANDEROLA 3.40X0.80 PUBLICITARIA (NO INCLUYE TELA ),0,1,1,1,57.99,image/art_BANDEROLA.png,Unit,Unit,Unit,CASA MATRIZ - Imgraf,Importadora Grafica
GSP1,SUMINISTRO PARA SUBLIMACION,Unit,GORRAS ROSADAS,0,1,1,1,1.00,image/art_GORRAS.png,Unit,Unit,Unit,CASA MATRIZ - Imgraf,Importadora Grafica
GSA1,SUMINISTRO PARA SUBLIMACION,Unit,GORRAS AZUL CON BLANCO,0,1,1,1,1.00,image/art_GORRAS.png,Unit,Unit,Unit,CASA MATRIZ - Imgraf,Importadora Grafica
GSB1,SUMINISTRO PARA SUBLIMACION,Unit,GORRAS BLANCAS,0,1,1,1,1.00,image/art_GORRAS.png,Unit,Unit,Unit,CASA MATRIZ - Imgraf,Importadora Grafica
GSR1,SUMINISTRO PARA SUBLIMACION,Unit,GORRAS ROJOS CON BLANCO,0,1,1,1,1.00,image/art_GORRAS.png,Unit,Unit,Unit,CASA MATRIZ - Imgraf,Importadora Grafica
GSC1,SUMINISTRO PARA SUBLIMACION,Unit,GORRAS CELESTE BLANCO,0,1,1,1,1.00,image/art_GORRAS.png,Unit,Unit,Unit,CASA MATRIZ - Imgraf,Importadora Grafica
GSN1,SUMINISTRO PARA SUBLIMACION,Unit,GORRAS BLANCAS CON NEGRO,0,1,1,1,1.11,image/art_GORRAS.png,Unit,Unit,Unit,CASA MATRIZ - Imgraf,Importadora Grafica
GSV1,SUMINISTRO PARA SUBLIMACION,Unit,GORRAS VERDES,0,1,1,1,1.00,image/art_GORRAS.png,Unit,Unit,Unit,CASA MATRIZ - Imgraf,Importadora Grafica
GSO1,SUMINISTRO PARA SUBLIMACION,Unit,GORRAS NARANJADAS,0,1,1,1,1.00,image/art_GORRAS.png,Unit,Unit,Unit,CASA MATRIZ - Imgraf,Importadora Grafica
CRAXL,SUMINISTRO PARA SUBLIMACION,Unit,CAMISA RUEDO AZUL XL,0,1,1,1,3.50,,Unit,Unit,Unit,CASA MATRIZ - Imgraf,Importadora Grafica
CRAL,SUMINISTRO PARA SUBLIMACION,Unit,CAMISA RUEDO AZUL L,0,1,1,1,3.50,,Unit,Unit,Unit,CASA MATRIZ - Imgraf,Importadora Grafica
CRAS,SUMINISTRO PARA SUBLIMACION,Unit,CAMISA RUEDO AZUL S,0,1,1,1,3.50,,Unit,Unit,Unit,CASA MATRIZ - Imgraf,Importadora Grafica
CBAXXL,SUMINISTRO PARA SUBLIMACION,Unit,CAMISAS BLANCAS XXL,0,1,1,1,3.80,,Unit,Unit,Unit,CASA MATRIZ - Imgraf,Importadora Grafica
CBNXXL,SUMINISTRO PARA SUBLIMACION,Unit,CAMISAS BLANCA DE NIÑ0  XXL,0,1,1,1,3.80,,Unit,Unit,Unit,CASA MATRIZ - Imgraf,Importadora Grafica
CBAS,SUMINISTRO PARA SUBLIMACION,Unit,CAMISAS BLANCA ADULTO S,0,1,1,1,3.80,,Unit,Unit,Unit,CASA MATRIZ - Imgraf,Importadora Grafica
CRNL,SUMINISTRO PARA SUBLIMACION,Unit,CAMISAS RUEDO NEGRO L,0,1,1,1,3.50,image/art_CAMISABLANCAORILLABLACK.png,Unit,Unit,Unit,CASA MATRIZ - Imgraf,Importadora Grafica
CRNXL,SUMINISTRO PARA SUBLIMACION,Unit,CAMISAS RUEDO NEGRO XL,0,1,1,1,3.50,,Unit,Unit,Unit,CASA MATRIZ - Imgraf,Importadora Grafica
CRNM,SUMINISTRO PARA SUBLIMACION,Unit,CAMISAS RUEDO NEGRO M,0,1,1,1,3.50,,Unit,Unit,Unit,CASA MATRIZ - Imgraf,Importadora Grafica
CRNS,SUMINISTRO PARA SUBLIMACION,Unit,CAMISAS RUEDO NEGRO S,0,1,1,1,3.50,,Unit,Unit,Unit,CASA MATRIZ - Imgraf,Importadora Grafica
CRRL,SUMINISTRO PARA SUBLIMACION,Unit,CAMISAS RUEDO ROJO L,0,1,1,1,3.50,,Unit,Unit,Unit,CASA MATRIZ - Imgraf,Importadora Grafica
CRRXL,SUMINISTRO PARA SUBLIMACION,Unit,CAMISAS RUEDO ROJO XL,0,1,1,1,3.50,,Unit,Unit,Unit,CASA MATRIZ - Imgraf,Importadora Grafica
CRRM,SUMINISTRO PARA SUBLIMACION,Unit,CAMISAS RUEDO ROJO M,0,1,1,1,3.50,,Unit,Unit,Unit,CASA MATRIZ - Imgraf,Importadora Grafica
CRRS,SUMINISTRO PARA SUBLIMACION,Unit,CAMISAS RUEDO ROJO S,0,1,1,1,3.50,,Unit,Unit,Unit,CASA MATRIZ - Imgraf,Importadora Grafica
GM20L,ACCESORIOS,Unit,GANCHO METAL 20MM PARA LANYARD,0,1,1,1,0.09,image/art_GANCHOMETALICO.png,Unit,Unit,Unit,CASA MATRIZ - Imgraf,Importadora Grafica
RCPD,SUMINISTRO PARA SUBLIMACION,Unit,ROMPE CABEZAS DORADO,0,1,1,1,0.92,image/art_ROMPECABEZASDORADO.png,Unit,Unit,Unit,CASA MATRIZ - Imgraf,Importadora Grafica
RCPP,SUMINISTRO PARA SUBLIMACION,Unit,ROMPE CABEZAS PLATEADO,0,1,1,1,0.92,,Unit,Unit,Unit,CASA MATRIZ - Imgraf,Importadora Grafica
V12P,SUMINISTRO PARA SUBLIMACION,Unit,VACUM PINK VINERO 12OZ,0,1,1,1,5.47,,Unit,Unit,Unit,CASA MATRIZ - Imgraf,Importadora Grafica
V12C,SUMINISTRO PARA SUBLIMACION,Unit,VACUM CELESTE VINERO 12OZ,0,1,1,1,5.47,,Unit,Unit,Unit,CASA MATRIZ - Imgraf,Importadora Grafica
V12B,SUMINISTRO PARA SUBLIMACION,Unit,VACUM BLANCO VINERO 12OZ,0,1,1,1,,image/art_VACUM.png,Unit,Unit,Unit,CASA MATRIZ - Imgraf,Importadora Grafica
V12A,SUMINISTRO PARA SUBLIMACION,Unit,VACUM AQUA VINERO 12OZ,0,1,1,1,5.47,,Unit,Unit,Unit,CASA MATRIZ - Imgraf,Importadora Grafica
TBS750,SUMINISTRO PARA SUBLIMACION,Unit,TERMO BLANCO SPORT 750ML,0,1,1,1,3.25,image/art_TERMOSPORT.png,Unit,Unit,Unit,CASA MATRIZ - Imgraf,Importadora Grafica
RP20,ACCESORIOS,Unit,RESISTENCIA PARA PACHON 20OZ,0,1,1,1,,image/art_RESISTENCIAPACHÓN.png,Unit,Unit,Unit,CASA MATRIZ - Imgraf,Importadora Grafica
BP32,SUMINISTRO PARA SUBLIMACION,Unit,BOTONES 32 MM,0,1,1,1,14.00,image/art_BOTONES37MM.png,Unit,Unit,Unit,CASA MATRIZ - Imgraf,Importadora Grafica
BP58,SUMINISTRO PARA SUBLIMACION,Unit,BOTONES DE 58MM,0,1,1,1,15.93,image/art_BOTONES.png,Unit,Unit,Unit,CASA MATRIZ - Imgraf,Importadora Grafica
BP75,SUMINISTRO PARA SUBLIMACION,Unit,BOTONES 75 31/2,0,1,1,1,0.21,image/art_BOTONES37MM.png,Unit,Unit,Unit,CASA MATRIZ - Imgraf,Importadora Grafica
T20L,SUMINISTRO PARA SUBLIMACION,Unit,20OZ TUMBLER WITH LID (VASO CON PAJILLA SUBLIMABLE ),0,1,1,1,8.65,image/art_BOTELLATUMBLER.png,Unit,Unit,Unit,CASA MATRIZ - Imgraf,Importadora Grafica
CS30,SUMINISTRO PARA SUBLIMACION,Unit,CERAMICA GRANDE 30X30 SUBLIMABLE,0,1,1,1,3.50,image/art_TILE.png,Unit,Unit,Unit,CASA MATRIZ - Imgraf,Importadora Grafica
CS20,SUMINISTRO PARA SUBLIMACION,Unit,CERAMICA PEQUEÑA 20X25 SUBLIMABLE,0,1,1,1,2.58,image/art_TILE.png,Unit,Unit,Unit,CASA MATRIZ - Imgraf,Importadora Grafica
SFE1,TINTAS,Unit,SOLVENTE FLUSH PREMIUM,0,1,1,1,22.12,,Unit,Unit,Unit,CASA MATRIZ - Imgraf,Importadora Grafica
JN14,SUMINISTRO PARA SUBLIMACION,Unit,JARRAS NEVADAS 16 OZ SUBLIMACION,0,1,1,1,4.00,image/art_JARRANEVADA.png,Unit,Unit,Unit,CASA MATRIZ - Imgraf,Importadora Grafica
TSA100,TINTAS,Unit,TINTA SUBLIMACION AMARILLA 100ML,0,1,1,1,6.50,image/art_TINTADESUBLI.png,Unit,Unit,Unit,CASA MATRIZ - Imgraf,Importadora Grafica
TSN100,TINTAS,Unit,TINTA SUBLIMACION NEGRA 100ML,0,1,1,1,6.50,image/art_TINTADESUBLI.png,Unit,Unit,Unit,CASA MATRIZ - Imgraf,Importadora Grafica
TSC100,TINTAS,Unit,TINTA SUBLIMACION CYAN 100ML,0,1,1,1,6.50,image/art_TINTADESUBLI.png,Unit,Unit,Unit,CASA MATRIZ - Imgraf,Importadora Grafica
TSM100,TINTAS,Unit,TINTA SUBLIMACION MAGENTA 100ML,0,1,1,1,6.50,image/art_TINTASUBLIMACIÓN.png,Unit,Unit,Unit,CASA MATRIZ - Imgraf,Importadora Grafica
TDUC1,TINTAS,Unit,TINTA UV CIAN 1 LITRO UV INK,0,1,1,1,47.90,,Unit,Unit,Unit,CASA MATRIZ - Imgraf,Importadora Grafica
TDUN1,TINTAS,Unit,TINTA UV NEGRA 1 LITRO UV INK,0,1,1,1,47.90,,Unit,Unit,Unit,CASA MATRIZ - Imgraf,Importadora Grafica
TDUB1,TINTAS,Unit,TINTA UV BLANCO 1 LITRO UV INK,0,1,1,1,47.90,,Unit,Unit,Unit,CASA MATRIZ - Imgraf,Importadora Grafica
TDUY1,TINTAS,Unit,TINTA UV YELLOW 1 LITRO UV INK,0,1,1,1,47.90,,Unit,Unit,Unit,CASA MATRIZ - Imgraf,Importadora Grafica
TDUM1,TINTAS,Unit,TINTA UV MAGENTA 1 LITRO UV INK,0,1,1,1,47.90,,Unit,Unit,Unit,CASA MATRIZ - Imgraf,Importadora Grafica
TDW1,TINTAS,Unit,TINTA DTF BLANCO 1 LITRO INK,0,1,1,1,35.40,image/art_TINTADTF.png,Unit,Unit,Unit,CASA MATRIZ - Imgraf,Importadora Grafica
TDN1,TINTAS,Unit,TINTA DTF NEGRA 1 LITRO INK,0,1,1,1,36.90,image/art_TINTADTF.png,Unit,Unit,Unit,CASA MATRIZ - Imgraf,Importadora Grafica
TDC1,TINTAS,Unit,TINTA DTF CIAN 1 LITRO INK,0,1,1,1,40.00,image/art_TINTADTF.png,Unit,Unit,Unit,CASA MATRIZ - Imgraf,Importadora Grafica
TDY1,TINTAS,Unit,TINTA DTF YELLOW 1 LITRO INK,0,1,1,1,40.00,image/art_TINTADTF.png,Unit,Unit,Unit,CASA MATRIZ - Imgraf,Importadora Grafica
TDM1,TINTAS,Unit,TINTA DTF MAGENTA 1 LITRO INK,0,1,1,1,35.40,image/art_TINTADTF.png,Unit,Unit,Unit,CASA MATRIZ - Imgraf,Importadora Grafica
TEPC1,TINTAS,Unit,TINTA ECOSLVENTE PREMIUN CIAN 1 LITRO INK,0,1,1,1,32.99,image/art_TINTAECOPREMIUM.png,Unit,Unit,Unit,CASA MATRIZ - Imgraf,Importadora Grafica
TEPY1,TINTAS,Unit,TINTA ECOSOLVENTE PREMIUN YELLOW 1 LITRO INK,0,1,1,1,32.99,image/art_TINTAECOPREMIUM.png,Unit,Unit,Unit,CASA MATRIZ - Imgraf,Importadora Grafica
TEPM1,TINTAS,Unit,TINTA ECOSOLVENTE PREMIUN MAGENTA 1 LITRO INK,0,1,1,1,28.55,image/art_TINTAECOPREMIUM.png,Unit,Unit,Unit,CASA MATRIZ - Imgraf,Importadora Grafica
TEPN1,TINTAS,Unit,TINTA ECOSOLVENTE PREMIUN NEGRA 1 LITRO. UV INK,0,1,1,1,32.99,image/art_TINTAECOPREMIUM.png,Unit,Unit,Unit,CASA MATRIZ - Imgraf,Importadora Grafica
ECS1,TINTAS,Unit,ECO SOLVENTE CLEAN SOLUTION1 LITRO,0,1,1,1,28.99,image/art_TINTAECOPREMIUM.png,Unit,Unit,Unit,CASA MATRIZ - Imgraf,Importadora Grafica
TSN04,TINTAS,Unit,TINTA DE SUBLIMACION NEGRA 1 LITRO UV INK,0,1,1,1,33.90,image/art_TINTASUBLIMACIÓN.png,Unit,Unit,Unit,CASA MATRIZ - Imgraf,Importadora Grafica
TSA03,TINTAS,Unit,TINTA DE SUBLIMACION AMARILLA 1 LITOR UV INK,0,1,1,1,33.90,image/art_TINTASUBLIMACIÓN.png,Unit,Unit,Unit,CASA MATRIZ - Imgraf,Importadora Grafica
TSF02,TINTAS,Unit,TINTA DE SUBLIMACION CYAN 1 LITRO UV INK,0,1,1,1,33.90,image/art_TINTASUBLIMACIÓN.png,Unit,Unit,Unit,CASA MATRIZ - Imgraf,Importadora Grafica
TSM01,TINTAS,Unit,TINTA DE SUBLIMACION MAGENTA 1 LITRO UV INK,0,1,1,1,33.90,image/art_TINTASUBLIMACIÓN.png,Unit,Unit,Unit,CASA MATRIZ - Imgraf,Importadora Grafica
TGC04,TINTAS,Unit,TINTA GALAXY CYAN 1 LITRO ECOSOLVENTE,0,1,1,1,21.15,image/art_TINTAGALAXY.png,Unit,Unit,Unit,CASA MATRIZ - Imgraf,Importadora Grafica
TGN03,TINTAS,Unit,TINTA GALAXY NEGRA 1 LITRO ECOSOLVENTE,0,1,1,1,27.60,image/art_TINTAGALAXY.png,Unit,Unit,Unit,CASA MATRIZ - Imgraf,Importadora Grafica
TGY02,TINTAS,Unit,TINTA GALAXY YELLOW 1 LITRO ECOSLVENTE,0,1,1,1,21.15,image/art_TINTAGALAXY.png,Unit,Unit,Unit,CASA MATRIZ - Imgraf,Importadora Grafica
TGM01,TINTAS,Unit,TINTA MAGENTA GALAXY 1 LITRO ECOSOLVENTE,0,1,1,1,21.15,image/art_TINTAGALAXY.png,Unit,Unit,Unit,CASA MATRIZ - Imgraf,Importadora Grafica
LIAG152,LAMINADORES,Unit,LAMINADOR COLD (GLOSS) 50MIC /1.52 X50M,0,1,1,1,58.90,image/art_LAMINADORGLOSSY.png,Unit,Unit,Unit,CASA MATRIZ - Imgraf,Importadora Grafica
LIAM137,LAMINADORES,Unit,LAMINADOR IMAX ADHESIVE MATE 1.37X50,0,1,1,1,53.10,image/art_LAMINADORMATE.png,Unit,Unit,Unit,CASA MATRIZ - Imgraf,Importadora Grafica
VPW120,VINILES ESPECIALES,Unit,VINYL DE PIZZARA WHITE BOARD FIM 1.20 X 50 M,0,1,1,1,295.00,image/art_VINILPIZARRA.png,Unit,Unit,Unit,CASA MATRIZ - Imgraf,Importadora Grafica
XB80,DISPLAY POP Y EVENTOS,Unit,XBANER DE 80*1.80 ESTRUCTURA PUBLICITARIA,0,1,1,1,8.19,,Unit,Unit,Unit,CASA MATRIZ - Imgraf,Importadora Grafica
XB60,DISPLAY POP Y EVENTOS,Unit,XBANER DE 60*1.60 ESTRUCTURA PUBLICITARIA,0,1,1,1,6.86,image/art_XBANNER.png,Unit,Unit,Unit,CASA MATRIZ - Imgraf,Importadora Grafica
TXBM,DISPLAY POP Y EVENTOS,Unit,TABLE X BANNER MINI 12 X18 CMS (MINI X BANNER ),0,1,1,1,2.45,image/art_MINIBANNER.png,Unit,Unit,Unit,CASA MATRIZ - Imgraf,Importadora Grafica
MVP300,DISPLAY POP Y EVENTOS,Unit,MURO VELCO PUBLICITARIO 3*3 /2.30X2.30 M,0,1,1,1,175.90,image/art_MUROVELCRO.png,Unit,Unit,Unit,CASA MATRIZ - Imgraf,Importadora Grafica
MVP230,DISPLAY POP Y EVENTOS,Unit,MURO VELCO PUBLICITARIO 3*4 2.30X3.00M,0,1,1,1,198.85,image/art_MUROVELCRO.png,Unit,Unit,Unit,CASA MATRIZ - Imgraf,Importadora Grafica
TM1300,EQUIPOS Y MAQUINARIAS,Unit,TRIME MACHINE 1300,0,1,1,1,725.00,,Unit,Unit,Unit,CASA MATRIZ - Imgraf,Importadora Grafica
DML01,SUMINISTRO PARA SUBLIMACION,Unit,DESTAPADOR METALICO PARA LANYARD,0,1,1,1,0.65,image/art_DESTAPADORMETALLANYARD.png,Unit,Unit,Unit,CASA MATRIZ - Imgraf,Importadora Grafica
TM700,EQUIPOS Y MAQUINARIAS,Unit,TRIME MACHINE 700,0,1,1,1,485.00,,Unit,Unit,Unit,CASA MATRIZ - Imgraf,Importadora Grafica
BPB40,DISPLAY POP Y EVENTOS,Unit,BACK BAG BANNER 40X1.25,0,1,1,1,29.99,,Unit,Unit,Unit,CASA MATRIZ - Imgraf,Importadora Grafica
SP01,DISPLAY POP Y EVENTOS,Unit,SOMBRILLA PROMOCIONAL,0,1,1,1,2.75,image/art_SOMBRILLA.png,Unit,Unit,Unit,CASA MATRIZ - Imgraf,Importadora Grafica
DA1300,EQUIPOS Y MAQUINARIAS,Unit,DOBLADORA ACRILIC0 1300 MANUAL 220V,0,1,1,1,1750.00,image/art_DOBLADORACRILICO.png,Unit,Unit,Unit,CASA MATRIZ - Imgraf,Importadora Grafica
PPT49,DISPLAY POP Y EVENTOS,Unit,PANTALLA PUBLICITARIA TOUCH DE 49 PULGADAS,0,1,1,1,1800.00,,Unit,Unit,Unit,CASA MATRIZ - Imgraf,Importadora Grafica
RU85,DISPLAY POP Y EVENTOS,Unit,ROLL UP BANNER 85*200 CM,0,1,1,1,14.65,image/art_ROLLUP.png,Unit,Unit,Unit,CASA MATRIZ - Imgraf,Importadora Grafica
RU80,DISPLAY POP Y EVENTOS,Unit,ROLL UP 80*200CM,0,1,1,1,13.86,image/art_ROLLUP.png,Unit,Unit,Unit,CASA MATRIZ - Imgraf,Importadora Grafica
FF180,VINILES ESPECIALES,Unit,GRAFICO DE PISO 1.50X50M 180 MICRON/110GRS LINER CLEAR PERMANENT GLUE ROLLO,0,1,1,1,159.50,image/art_GRAFICODEPISO.png,Unit,Unit,Unit,CASA MATRIZ - Imgraf,Importadora Grafica
RL20,SUMINISTRO PARA SUBLIMACION,Unit,ROLLO DE LANYARD 20MM / 100M.,0,1,1,1,16.25,image/art_ROLLODELANYARD.png,Unit,Unit,Unit,CASA MATRIZ - Imgraf,Importadora Grafica
RL25,SUMINISTRO PARA SUBLIMACION,Unit,ROLLO DE LANYARD 25MM / 100M.,0,1,1,1,17.85,image/art_ROLLODELANYARD.png,Unit,Unit,Unit,CASA MATRIZ - Imgraf,Importadora Grafica
RR11T,ACCESORIOS,Unit,REPUESTOS RESISTENCIA DE MAQUINA DE TAZAS,0,1,1,1,,,Unit,Unit,Unit,CASA MATRIZ - Imgraf,Importadora Grafica
CC16,SUMINISTRO PARA SUBLIMACION,Unit,CAR CUP SUBLIMABLE,0,1,1,1,5.31,,Unit,Unit,Unit,CASA MATRIZ - Imgraf,Importadora Grafica
TFR11,SUMINISTRO PARA SUBLIMACION,Unit,TAZA FLUORECENTE ROSADO (FUCSIA ),0,1,1,1,1.45,image/art_TAZAFLUOROSADA.png,Unit,Unit,Unit,CASA MATRIZ - Imgraf,Importadora Grafica
TSFV11,SUMINISTRO PARA SUBLIMACION,Unit,TAZA 11OZ FLUORESCENTE YELLOW (AMARILLO ),0,1,1,1,1.25,image/art_TAZASFLUO.png,Unit,Unit,Unit,CASA MATRIZ - Imgraf,Importadora Grafica
TSRG11,SUMINISTRO PARA SUBLIMACION,Unit,TAZAS 11ONZ ROSA GLITTER,0,1,1,1,1.65,image/art_TAZASSPARK.png,Unit,Unit,Unit,CASA MATRIZ - Imgraf,Importadora Grafica
TSDG11,SUMINISTRO PARA SUBLIMACION,Unit,TAZAS 11ONZ DORADA GLITTER,0,1,1,1,1.67,image/art_TAZASSPARK.png,Unit,Unit,Unit,CASA MATRIZ - Imgraf,Importadora Grafica
TSC11,SUMINISTRO PARA SUBLIMACION,Unit,TAZAS FONDO CELESTE,0,1,1,1,1.98,image/art_TAZAFONDODECOLOR.png,Unit,Unit,Unit,CASA MATRIZ - Imgraf,Importadora Grafica
TSV11,SUMINISTRO PARA SUBLIMACION,Unit,TAZAS FONDO VERDE MANZANA,0,1,1,1,1.98,image/art_TAZAFONDODECOLOR.png,Unit,Unit,Unit,CASA MATRIZ - Imgraf,Importadora Grafica
TSN11,SUMINISTRO PARA SUBLIMACION,Unit,TAZAS 11OZ SUBLIMACION FONDO NEGRO,0,1,1,1,1.86,image/art_TAZAFONDODECOLOR.png,Unit,Unit,Unit,CASA MATRIZ - Imgraf,Importadora Grafica
TSPG11,SUMINISTRO PARA SUBLIMACION,Unit,TAZAS 11OZ PLATA /GLITTER,0,1,1,1,1.65,image/art_TAZASSPARK.png,Unit,Unit,Unit,CASA MATRIZ - Imgraf,Importadora Grafica
TSFM11,SUMINISTRO PARA SUBLIMACION,Unit,TAZAS 11OZ FONDO MORADO,0,1,1,1,1.65,image/art_TAZAFONDODECOLOR.png,Unit,Unit,Unit,CASA MATRIZ - Imgraf,Importadora Grafica
TSFR11,SUMINISTRO PARA SUBLIMACION,Unit,TAZAS 11OZ SUBLIMACION FONDO ROSADO,0,1,1,1,1.65,image/art_TAZAFONDODECOLOR.png,Unit,Unit,Unit,CASA MATRIZ - Imgraf,Importadora Grafica
TSA11,SUMINISTRO PARA SUBLIMACION,Unit,TAZAS 11OZ SUBLIMACION FONDO AMARLLO,0,1,1,1,1.98,image/art_TAZAFONDODECOLOR.png,Unit,Unit,Unit,CASA MATRIZ - Imgraf,Importadora Grafica
TSR11naranja,SUMINISTRO PARA SUBLIMACION,Unit,TAZAS CON CUCHARA NARANJA,0,1,1,1,1.50,image/art_TAZAFONDODECOLOR.png,Unit,Unit,Unit,CASA MATRIZ - Imgraf,Importadora Grafica
TMN11,SUMINISTRO PARA SUBLIMACION,Unit,TAZAS MAGICAS NEGRAS MATTE / UNIDAD,0,1,1,1,2.25,image/art_TAZAMAGICA.png,Unit,Unit,Unit,CASA MATRIZ - Imgraf,Importadora Grafica
TBAAA36,SUMINISTRO PARA SUBLIMACION,Unit,TAZAS BLANCAS AAA / CAJA 36 PCS,0,1,1,1,25.00,image/art_TAZABLANCA.png,Unit,Unit,Unit,CASA MATRIZ - Imgraf,Importadora Grafica
TBAAA,SUMINISTRO PARA SUBLIMACION,Unit,TAZAS BLANCAS AAA / UNIDAD,0,1,1,1,0.88,image/art_TAZABLANCA.png,Unit,Unit,Unit,CASA MATRIZ - Imgraf,Importadora Grafica
PDP2,SUMINISTROS DTF,Unit,POLVO DTF POLIAMIDA 2KGS,0,1,1,1,14.16,image/art_POLVO.png,Unit,Unit,Unit,CASA MATRIZ - Imgraf,Importadora Grafica
CBR3X3,DISPLAY POP Y EVENTOS,Unit,CANOPI BLANCO 3X3 RETRÁCTIL INCLUYE BOLSA DE VIAJE,0,1,1,1,99.00,image/art_CANOPY.png,Unit,Unit,Unit,CASA MATRIZ - Imgraf,Importadora Grafica
LT1000,LÁMINAS RIGIDAD,Unit,LAMÍNA TROVICEL PVC 10MM/ 122X244CMS,0,1,1,1,39.11,image/art_PVC.png,Unit,Unit,Unit,CASA MATRIZ - Imgraf,Importadora Grafica
LT500,LÁMINAS RIGIDAD,Unit,LAMÍNA TROVICEL PVC 5MM / 122X244CMS,0,1,1,1,12.75,image/art_PVC.png,Unit,Unit,Unit,CASA MATRIZ - Imgraf,Importadora Grafica
LT800,LÁMINAS RIGIDAD,Unit,LAMÍNA TROVICEL PVC 8MM / 122X244CMS,0,1,1,1,31.19,image/art_PVC.png,Unit,Unit,Unit,CASA MATRIZ - Imgraf,Importadora Grafica
LT400,LÁMINAS RIGIDAD,Unit,LAMÍNA TROVICEL PVC 4MM / 122X244CMS,0,1,1,1,12.93,image/art_PVC.png,Unit,Unit,Unit,CASA MATRIZ - Imgraf,Importadora Grafica
LT300,LÁMINAS RIGIDAD,Unit,LAMINA TROVICEL PVC 3MM / 122X244CMS,0,1,1,1,9.00,image/art_PVC.png,Unit,Unit,Unit,CASA MATRIZ - Imgraf,Importadora Grafica
LT200,LÁMINAS RIGIDAD,Unit,LAMINA TROVICEL PVC 2MM /122X244CMS,0,1,1,1,7.35,image/art_PVC.png,Unit,Unit,Unit,CASA MATRIZ - Imgraf,Importadora Grafica
LT100,LÁMINAS RIGIDAD,Unit,LÁMINA TROVICEL PVC 1 MM 122X244CMS,0,1,1,1,5.95,image/art_PVC.png,Unit,Unit,Unit,CASA MATRIZ - Imgraf,Importadora Grafica
VTP010,VINILES TEXTILES,Unit,VINYL TEXTIL PINK ROLLO,0,1,1,1,202.50,image/art_VINILTEXTIL.png,Unit,Unit,Unit,CASA MATRIZ - Imgraf,Importadora Grafica
VTV009,VINILES TEXTILES,Unit,VINYL TEXTIL VERDE CLARO ROLLO,0,1,1,1,202.50,image/art_VINILTEXTIL.png,Unit,Unit,Unit,CASA MATRIZ - Imgraf,Importadora Grafica
VTR008,VINILES TEXTILES,Unit,VINYL TEXTIL ROSADO SUAVE ROLLO,0,1,1,1,202.50,image/art_VINILTEXTIL.png,Unit,Unit,Unit,CASA MATRIZ - Imgraf,Importadora Grafica
VTM007,VINILES TEXTILES,Unit,VINYL TEXTIL MORADO ROLLO,0,1,1,1,202.50,image/art_VINILTEXTIL.png,Unit,Unit,Unit,CASA MATRIZ - Imgraf,Importadora Grafica
VTF006,VINILES TEXTILES,Unit,VINYL TEXTIL FUSCIA ROLLO,0,1,1,1,202.50,image/art_VINILTEXTIL.png,Unit,Unit,Unit,CASA MATRIZ - Imgraf,Importadora Grafica
VTB005,VINILES TEXTILES,Unit,VINIY TEXTIL NEGRO ROLLO,0,1,1,1,202.50,image/art_VINILTEXTIL.png,Unit,Unit,Unit,CASA MATRIZ - Imgraf,Importadora Grafica
VTB004,VINILES TEXTILES,Unit,VINIL TEXTIL BLUE ROLLO,0,1,1,1,202.50,image/art_VINILTEXTIL.png,Unit,Unit,Unit,CASA MATRIZ - Imgraf,Importadora Grafica
VTG003,VINILES TEXTILES,Unit,VINYL TEXTIL GREEN ROLLO,0,1,1,1,202.50,image/art_VINILTEXTIL.png,Unit,Unit,Unit,CASA MATRIZ - Imgraf,Importadora Grafica
VTY002,VINILES TEXTILES,Unit,VINLY TEXTIL YELLOW ROLLO,0,1,1,1,202.50,image/art_VINILTEXTIL.png,Unit,Unit,Unit,CASA MATRIZ - Imgraf,Importadora Grafica
VTO001,VINILES TEXTILES,Unit,VINYL TEXTIL ORANGE ROLLO,0,1,1,1,202.50,image/art_VINILTEXTIL.png,Unit,Unit,Unit,CASA MATRIZ - Imgraf,Importadora Grafica
VA13780,SUMINISTRO PARA ROTULACION,Unit,VINYL 1.37 METROS 80 MICRAS IMAX ADHESIVE,0,1,1,1,65.00,image/art_VINILADHESIVOGLOSSY.png,Unit,Unit,Unit,CASA MATRIZ - Imgraf,Importadora Grafica
VA15280,SUMINISTRO PARA ROTULACION,Unit,VINIY 1.52 METROS 80 MICRAS IMAX ADHESIVE,0,1,1,1,82.87,image/art_VINILADHESIVOGLOSSY.png,Unit,Unit,Unit,CASA MATRIZ - Imgraf,Importadora Grafica
VA152100,SUMINISTRO PARA ROTULACION,Unit,VINYL 1.52METROS 100 MICRAS IMAX ADHESIVE,0,1,1,1,97.32,image/art_VINILADHESIVOGLOSSY.png,Unit,Unit,Unit,CASA MATRIZ - Imgraf,Importadora Grafica
VA137100,SUMINISTRO PARA ROTULACION,Unit,VYNYL ADHESIVO GLOSSY 1.37 M/100MICRAS IMAX ADHESIVE,0,1,1,1,63.00,image/art_VINILADHESIVOGLOSSY.png,Unit,Unit,Unit,CASA MATRIZ - Imgraf,Importadora Grafica
VA106100,SUMINISTRO PARA ROTULACION,Unit,VINYL ADHESIVO GLOSSY 1.06*50MM 80 MIC IMAX ADHESIVE,0,1,1,1,57.79,image/art_VINILADHESIVOGLOSSY.png,Unit,Unit,Unit,CASA MATRIZ - Imgraf,Importadora Grafica
PL25100,EQUIPOS Y MAQUINARIAS,Unit,PLANCHA LANYARD 25X100 CMS /110V MANUAL,0,1,1,1,1275.00,image/art_PLANCHALANYARD.png,Unit,Unit,Unit,CASA MATRIZ - Imgraf,Importadora Grafica
PM51,EQUIPOS Y MAQUINARIAS,Unit,PLANCHA 5 IN 1 MULTITAZAS 110/V,0,1,1,1,479.35,,Unit,Unit,Unit,CASA MATRIZ - Imgraf,Importadora Grafica
PDTFUV30,EQUIPOS Y MAQUINARIAS,Unit,PLÓTER DE IMPRESIÓN LOCOR DTFUV 30 CMS ALTA RESOLUCIÓN 2 CABEZA,0,1,1,1,6999.00,image/art_PLOTTER.png,Unit,Unit,Unit,CASA MATRIZ - Imgraf,Importadora Grafica
HPC4060,EQUIPOS Y MAQUINARIAS,Unit,40X60CM 4IN1 COMBO HEAT PRESS MACHINE,0,1,1,1,545.00,,Unit,Unit,Unit,CASA MATRIZ - Imgraf,Importadora Grafica
HP3838,EQUIPOS Y MAQUINARIAS,Unit,PLANCHA PLANA 38*38 A 110V,0,1,1,1,325.00,image/art_PLANCHAPLANA38X38.png,Unit,Unit,Unit,CASA MATRIZ - Imgraf,Importadora Grafica
ILA4,EQUIPOS Y MAQUINARIAS,Unit,IMPRESOR LASSER WHITE TONER A4 INTERFACE USB2.0,0,1,1,1,2000.00,,Unit,Unit,Unit,CASA MATRIZ - Imgraf,Importadora Grafica
HP4060,EQUIPOS Y MAQUINARIAS,Unit,PLANCHA PLANA CAMISAS HET PRESS 40*60 110V,0,1,1,1,545.00,,Unit,Unit,Unit,CASA MATRIZ - Imgraf,Importadora Grafica
HPT11,EQUIPOS Y MAQUINARIAS,Unit,PLANCHA CILÍNDRICA PARA UNA TAZA /110V,0,1,1,1,110.62,image/art_PLANCHATAZA.png,Unit,Unit,Unit,CASA MATRIZ - Imgraf,Importadora Grafica
HP4050,EQUIPOS Y MAQUINARIAS,Unit,PLANCHA PLANA HET PRESS STS 4050,0,1,1,1,625.00,,Unit,Unit,Unit,CASA MATRIZ - Imgraf,Importadora Grafica
HP5070,EQUIPOS Y MAQUINARIAS,Unit,PLANCHA PLANA HET PRESS STS 50*70,0,1,1,1,550.00,,Unit,Unit,Unit,CASA MATRIZ - Imgraf,Importadora Grafica
HPP20,EQUIPOS Y MAQUINARIAS,Unit,PLANCHA DE PACHON 20OZ/ TAZAS,0,1,1,1,195.00,image/art_PLANCHAPACHON.png,Unit,Unit,Unit,CASA MATRIZ - Imgraf,Importadora Grafica
CB75,ACCESORIOS,Unit,CORTADORA BOTON 75 M,0,1,1,1,140.00,image/art_CORTADORADEBOTON.png,Unit,Unit,Unit,CASA MATRIZ - Imgraf,Importadora Grafica
CB32,ACCESORIOS,Unit,CORTADORA BOTON 32M,0,1,1,1,125.00,image/art_CORTADORADEBOTON.png,Unit,Unit,Unit,CASA MATRIZ - Imgraf,Importadora Grafica
CB58,ACCESORIOS,Unit,CORTADORA BOTON 58 M,0,1,1,1,125.00,image/art_CORTADORADEBOTON.png,Unit,Unit,Unit,CASA MATRIZ - Imgraf,Importadora Grafica
PMC38,EQUIPOS Y MAQUINARIAS,Unit,PLOTTER MINI CRAFT 3800,0,1,1,1,325.00,image/art_PLOTTERMINI.png,Unit,Unit,Unit,CASA MATRIZ - Imgraf,Importadora Grafica
MB75,ACCESORIOS,Unit,MOLDE DE BOTONERA 75,0,1,1,1,155.00,image/art_MOLDEDEBOTON.png,Unit,Unit,Unit,CASA MATRIZ - Imgraf,Importadora Grafica
MB32,ACCESORIOS,Unit,MOLDE DE BOTON 32M,0,1,1,1,140.00,image/art_MOLDEDEBOTON.png,Unit,Unit,Unit,CASA MATRIZ - Imgraf,Importadora Grafica
MB58,ACCESORIOS,Unit,MOLDE BOTON 58 M,0,1,1,1,125.00,image/art_MOLDE75M.jfif,Unit,Unit,Unit,CASA MATRIZ - Imgraf,Importadora Grafica
RB001,EQUIPOS Y MAQUINARIAS,Unit,REMACHADORA DE BOTON (NO INCLUYE MOLDE),0,1,1,1,145.00,image/art_BOTONERA.png,Unit,Unit,Unit,CASA MATRIZ - Imgraf,Importadora Grafica
HP80100,EQUIPOS Y MAQUINARIAS,Unit,PLANCHA DE TRASFERENCIA ESTACIÓN 80X100M INCLUYE PEDESTAL,0,1,1,1,2401.77,image/art_PLANCHA80X100.png,Unit,Unit,Unit,CASA MATRIZ - Imgraf,Importadora Grafica
MO06,EQUIPOS Y MAQUINARIAS,Unit,MÁQUINA OJETERA MANUAL / INCLUYE DADO MOLDE #4,0,1,1,1,90.00,image/art_OJETERA.png,Unit,Unit,Unit,CASA MATRIZ - Imgraf,Importadora Grafica
HPD120,EQUIPOS Y MAQUINARIAS,Unit,PLANCHA DE DOBLE ESTACION TEXTIL 1.20X1.00,0,1,1,1,4500.00,,Unit,Unit,Unit,CASA MATRIZ - Imgraf,Importadora Grafica
LB180300,SUMINISTRO PARA ROTULACION,Unit,LONA BANNER 300*500 1.80 X50M,0,1,1,1,80.60,image/art_LONA.png,Unit,Unit,Unit,CASA MATRIZ - Imgraf,Importadora Grafica
LB150300,SUMINISTRO PARA ROTULACION,Unit,LONA BANNER 300*500 1.50MM,0,1,1,1,69.09,image/art_LONA.png,Unit,Unit,Unit,CASA MATRIZ - Imgraf,Importadora Grafica
LBT102500,SUMINISTRO PARA ROTULACION,Unit,LONA BANNER 300*500 18*12 1.05 TRASLUCIDA,0,1,1,1,67.23,image/art_LONATRASLUSIDA.png,Unit,Unit,Unit,CASA MATRIZ - Imgraf,Importadora Grafica
LB160300,SUMINISTRO PARA ROTULACION,Unit,LONA BANNER 300*500 1.60M LAMINADA,0,1,1,1,73.69,,Unit,Unit,Unit,CASA MATRIZ - Imgraf,Importadora Grafica
LB150500,SUMINISTRO PARA ROTULACION,Unit,LONA BANNER 500*500 1.50M LAMINADA,0,1,1,1,86.94,,Unit,Unit,Unit,CASA MATRIZ - Imgraf,Importadora Grafica
LB160500,SUMINISTRO PARA ROTULACION,Unit,LONA BANNER 500*500 1.60M LAMINADA,0,1,1,1,91.67,,Unit,Unit,Unit,CASA MATRIZ - Imgraf,Importadora Grafica
LB137300,SUMINISTRO PARA ROTULACION,Unit,LONA BANNER 300*500 1.37 MM LAMINADA,0,1,1,1,61.31,,Unit,Unit,Unit,CASA MATRIZ - Imgraf,Importadora Grafica
LB250300,SUMINISTRO PARA ROTULACION,Unit,LONA BANNER 300*500 2.50 METROS LAMINADA,0,1,1,1,127.94,,Unit,Unit,Unit,CASA MATRIZ - Imgraf,Importadora Grafica
LBT200500,SUMINISTRO PARA ROTULACION,Unit,LONA BANNER 300*500 2 METROS TRASLÚCIDA,0,1,1,1,128.07,image/art_LONATRASLUSIDA.png,Unit,Unit,Unit,CASA MATRIZ - Imgraf,Importadora Grafica
LB302300,SUMINISTRO PARA ROTULACION,Unit,LONA BANNER 300*500 18 *12*3.20M,0,1,1,1,145.00,image/art_LONA.png,Unit,Unit,Unit,CASA MATRIZ - Imgraf,Importadora Grafica
LB102500,SUMINISTRO PARA ROTULACION,Unit,LONA BANNER 300X500 1.02 X50M LAMINADA,0,1,1,1,38.94,image/art_LONA.png,Unit,Unit,Unit,CASA MATRIZ - Imgraf,Importadora Grafica
PLDTFA3UV,EQUIPOS Y MAQUINARIAS,Unit,PLÓTER DE IMPRESIÓN LOCOR DTF 30 CMS ALTA RESOLUCIÓN 2 CABEZALES,0,1,1,1,6500.00,image/art_PLOTTERLOCOR.png,Unit,Unit,Unit,CASA MATRIZ - Imgraf,Importadora Grafica
PLDTF70,EQUIPOS Y MAQUINARIAS,Unit,PLÓTER DE IMPRESIÓN LOCOR DTF 60 MTS ALTA RESOLUCIÓN 2 CABEZAL,0,1,1,1,12900.00,,Unit,Unit,Unit,CASA MATRIZ - Imgraf,Importadora Grafica
PL1818I32,EQUIPOS Y MAQUINARIAS,Unit,PLOTER LOCOR EASY JET IMPRESORA I3200 ECOSOLVENTE / SUBLIMACION,0,1,1,1,7500.00,image/art_PLOTTER.png,Unit,Unit,Unit,CASA MATRIZ - Imgraf,Importadora Grafica
PL18XP,EQUIPOS Y MAQUINARIAS,Unit,PLOTER LOCOR EASY JET IMPRESORA XP600 ECOSOLVENTE / SUBLIMACION,0,1,1,1,6500.00,,Unit,Unit,Unit,CASA MATRIZ - Imgraf,Importadora Grafica
ML16000,EQUIPOS Y MAQUINARIAS,Unit,LAMINADORA ENFRIO 1.60M MANUAL INCLUYE PEDESTAL,0,1,1,1,1200.00,image/art_LAMINADORENFRIOMANUAL.png,Unit,Unit,Unit,CASA MATRIZ - Imgraf,Importadora Grafica
